Date,New Tests Administered,Pos Tests Administered,New Tests Reported,New Cases,Hospitalizations,ICU,New Deaths,SNF Cases
2022-09-06,,,,901,,,8,24
2022-09-05,672,80,36223,0,,,0,0
2022-09-04,1274,124,41905,0,,,0,0
2022-09-03,2169,234,41905,0,,,0,0
2022-09-02,3943,357,41905,1327,202,30,7,37
2022-09-01,5103,489,41905,0,206,28,0,0
2022-08-31,6469,517,41905,0,208,40,0,0
2022-08-30,7417,515,41905,1664,204,27,6,21
2022-08-29,6963,609,41905,0,220,25,0,0
2022-08-28,2475,337,41779,0,225,26,0,0
2022-08-27,2849,375,41779,0,216,30,0,0
2022-08-26,5562,537,41779,1612,224,31,14,32
2022-08-25,6227,556,41779,0,230,36,0,0
2022-08-24,6835,641,41779,0,210,28,0,0
2022-08-23,8171,720,41779,1950,258,37,27,17
2022-08-22,7774,846,41779,0,259,35,0,0
2022-08-21,2748,435,47517,0,253,33,0,0
2022-08-20,2874,458,47517,0,236,36,0,0
2022-08-19,5504,599,47517,2076,250,31,29,44
2022-08-18,6712,773,47517,0,271,36,0,0
2022-08-17,7323,835,47517,0,297,42,0,0
2022-08-16,8207,939,47517,2615,314,45,12,15
2022-08-15,7633,928,47517,0,314,44,0,0
2022-08-14,2770,518,48946,0,299,38,0,0
2022-08-13,3113,541,48946,0,299,38,0,0
2022-08-12,5785,849,48946,2308,310,45,15,14
2022-08-11,7161,920,48946,0,291,44,0,0
2022-08-10,7660,1083,48946,0,289,46,0,0
2022-08-09,9351,1074,48946,2978,286,50,12,31
2022-08-08,8582,1163,48946,0,282,40,0,0
2022-08-07,3143,625,58608,0,274,43,0,0
2022-08-06,3381,635,58608,0,275,39,0,0
2022-08-05,6548,1025,58608,2864,269,34,21,30
2022-08-04,7817,1081,58608,0,271,33,0,0
2022-08-03,8844,1189,58608,0,258,36,0,0
2022-08-02,10099,1225,58608,3708,274,37,11,41
2022-08-01,8836,1293,58608,0,295,49,0,0
2022-07-31,3353,719,61026,0,296,43,0,0
2022-07-30,3869,802,61026,0,316,39,0,0
2022-07-29,7517,1251,61026,3790,332,43,8,33
2022-07-28,8313,1289,61026,0,338,49,0,0
2022-07-27,9406,1429,61026,0,350,48,0,0
2022-07-26,11132,1546,61026,4596,341,39,6,30
2022-07-25,10377,1775,61026,0,341,35,0,0
2022-07-24,3822,904,55938,0,308,37,0,0
2022-07-23,4126,1004,55938,0,312,39,0,0
2022-07-22,8584,1504,55938,3527,316,44,8,63
2022-07-21,9087,1610,55938,0,315,50,0,0
2022-07-20,10162,1654,55938,0,319,48,0,0
2022-07-19,12415,1875,55938,4402,307,47,11,38
2022-07-18,11004,2119,55938,0,298,45,0,0
2022-07-17,3884,918,56086,0,295,40,0,0
2022-07-16,4383,1057,56086,0,284,42,0,0
2022-07-15,8645,1669,56086,4226,281,40,15,48
2022-07-14,9482,1744,56086,0,277,35,0,0
2022-07-13,10098,1829,56086,0,296,36,0,0
2022-07-12,12851,2211,56086,5172,301,27,10,59
2022-07-11,10801,2189,56086,0,287,30,0,0
2022-07-10,4139,1107,56131,0,276,31,0,0
2022-07-09,4666,1124,56131,0,279,33,0,0
2022-07-08,9443,1733,56131,4583,280,31,19,33
2022-07-07,9826,1905,56131,0,277,34,0,0
2022-07-06,11467,1919,56131,0,258,35,0,0
2022-07-05,14257,2307,56131,2662,249,34,0,13
2022-07-04,3512,694,56131,0,237,34,0,0
2022-07-03,3813,831,61920,0,230,35,0,0
2022-07-02,4013,865,61920,0,234,38,0,0
2022-07-01,8074,1497,61920,3826,227,30,23,43
2022-06-30,9794,1488,61920,0,212,32,0,0
2022-06-29,9863,1687,61920,0,230,29,0,0
2022-06-28,12317,1705,61920,3688,213,23,6,24
2022-06-27,10903,1883,61920,0,209,26,0,0
2022-06-26,3842,843,60771,0,197,25,0,0
2022-06-25,4399,921,60771,0,205,31,0,0
2022-06-24,8516,1302,60771,3720,196,31,6,22
2022-06-23,9957,1510,60771,0,179,25,0,0
2022-06-22,10110,1457,60771,0,181,23,0,0
2022-06-21,12066,1627,60771,3587,189,20,9,7
2022-06-20,9988,1644,60771,0,175,23,0,0
2022-06-19,3793,805,65212,0,179,21,0,0
2022-06-18,4613,900,65212,0,170,27,0,0
2022-06-17,8990,1386,65212,3114,178,24,6,48
2022-06-16,9880,1404,65212,0,178,23,0,0
2022-06-15,10708,1499,65212,0,177,21,0,0
2022-06-14,13348,1653,65212,3613,185,15,8,5
2022-06-13,11454,1738,65212,0,194,19,0,0
2022-06-12,3959,834,69918,0,206,20,0,0
2022-06-11,4909,895,69918,0,189,18,0,0
2022-06-10,9630,1485,69918,3215,189,18,23,19
2022-06-09,10925,1490,69918,0,188,20,0,0
2022-06-08,11783,1520,69918,0,186,18,0,0
2022-06-07,13248,1566,69918,4206,179,18,0,16
2022-06-06,12387,1722,69918,0,158,18,0,0
2022-06-05,4309,848,94634,0,151,21,0,0
2022-06-04,5236,957,94634,0,138,17,0,0
2022-06-03,10827,1390,94634,3091,134,12,11,15
2022-06-02,12727,1666,94634,0,132,11,0,0
2022-06-01,13714,1651,94634,0,139,18,0,0
2022-05-31,15549,1934,94634,2620,139,19,0,19
2022-05-30,4703,744,94634,0,140,18,0,0
2022-05-29,3960,676,98355,0,137,19,0,0
2022-05-28,4293,707,98355,0,129,19,0,0
2022-05-27,15367,1234,98355,2973,138,21,4,2
2022-05-26,17068,1339,98355,0,139,17,0,0
2022-05-25,18661,1319,98355,0,126,17,0,0
2022-05-24,19710,1317,98355,2440,129,18,2,24
2022-05-23,17549,1399,98355,0,131,20,0,0
2022-05-22,3961,629,99305,0,126,22,0,0
2022-05-21,4578,690,99305,0,112,15,0,0
2022-05-20,17442,1066,99305,2814,118,15,5,20
2022-05-19,14912,967,99305,0,113,13,0,0
2022-05-18,18035,1103,99305,0,114,12,0,0
2022-05-17,19208,1042,99305,2077,112,14,0,1
2022-05-16,18712,1185,99305,0,89,15,0,0
2022-05-15,3913,516,90470,0,87,13,0,0
2022-05-14,4464,527,90470,0,88,13,0,0
2022-05-13,17227,822,90470,1733,87,14,4,4
2022-05-12,15040,855,90470,0,83,17,0,0
2022-05-11,18896,895,90470,0,87,14,0,0
2022-05-10,17587,825,90470,1728,90,13,8,0
2022-05-09,18106,868,90470,0,101,17,0,0
2022-05-08,3424,420,89691,0,117,17,0,0
2022-05-07,4105,392,89691,0,108,14,0,0
2022-05-06,15459,636,89691,1381,94,14,2,11
2022-05-05,15327,674,89691,0,98,17,0,0
2022-05-04,18726,647,89691,0,90,18,0,0
2022-05-03,17978,627,89691,1235,79,12,2,3
2022-05-02,17419,665,89691,0,74,13,0,0
2022-05-01,3339,283,85676,0,81,14,0,0
2022-04-30,3540,325,85676,0,83,12,0,0
2022-04-29,14561,395,85676,1071,83,11,10,5
2022-04-28,15437,455,85676,0,76,11,0,0
2022-04-27,16210,483,85676,0,70,12,0,0
2022-04-26,17705,458,85676,1067,68,13,7,4
2022-04-25,18430,497,85676,0,66,13,0,0
2022-04-24,3199,237,318605,0,68,13,0,0
2022-04-23,3617,229,318605,0,66,14,0,0
2022-04-22,14508,332,318605,655,57,14,24,17
2022-04-21,15520,371,318605,0,64,14,0,0
2022-04-20,15747,336,318605,0,63,15,0,0
2022-04-19,16387,335,318605,772,66,15,8,0
2022-04-18,16512,423,318605,0,60,10,0,0
2022-04-17,2163,107,37498,0,60,9,0,0
2022-04-16,3241,136,37498,0,67,8,0,0
2022-04-15,12925,279,37498,711,69,10,21,6
2022-04-14,13697,241,37498,0,67,13,0,0
2022-04-13,15045,297,37498,0,63,11,0,0
2022-04-12,16784,249,37498,604,78,13,10,2
2022-04-11,18110,313,37498,0,86,16,0,0
2022-04-10,3295,142,54505,0,77,13,0,0
2022-04-09,3479,132,54505,0,79,14,0,0
2022-04-08,7696,185,54505,179,80,14,8,5
2022-04-07,9522,207,54505,142,84,20,9,4
2022-04-06,10103,209,54505,236,78,16,9,2
2022-04-05,10639,203,61438,288,67,11,10,6
2022-04-04,10782,240,61438,143,70,14,5,7
2022-04-03,3225,124,61438,0,66,14,0,0
2022-04-02,3587,118,61438,0,72,13,0,0
2022-04-01,14241,181,61438,159,77,14,2,0
2022-03-31,14628,177,61438,87,96,14,4,7
2022-03-30,17351,178,61438,129,89,16,5,3
2022-03-29,18225,180,74434,307,102,17,11,6
2022-03-28,17868,179,74434,148,98,17,4,0
2022-03-27,3504,88,74434,0,95,20,0,0
2022-03-26,3542,97,74434,0,100,20,0,0
2022-03-25,14360,143,74434,171,113,19,3,0
2022-03-24,16529,167,74434,106,129,24,1,0
2022-03-23,17307,184,74434,111,127,24,10,5
2022-03-22,17984,177,100843,121,123,26,3,2
2022-03-21,18290,174,100843,943,125,25,15,0
2022-03-20,3214,86,100843,0,126,24,0,0
2022-03-19,3554,82,100843,0,132,25,0,0
2022-03-18,16665,139,100843,731,137,22,8,0
2022-03-17,16332,168,100843,311,129,25,26,1
2022-03-16,21114,201,100843,215,137,27,11,1
2022-03-15,22242,186,54453,155,133,29,5,0
2022-03-14,22202,170,54453,855,140,31,38,0
2022-03-13,4491,104,54453,0,139,31,0,0
2022-03-12,4991,147,54453,0,150,28,0,0
2022-03-11,17333,185,54453,521,153,30,19,6
2022-03-10,20126,204,54453,314,163,28,17,6
2022-03-09,21058,196,54453,279,160,29,8,0
2022-03-08,21561,243,82612,281,159,29,7,22
2022-03-07,22811,252,82612,1066,166,28,31,49
2022-03-06,4159,156,82612,0,179,37,0,0
2022-03-05,4742,154,82612,0,189,39,0,0
2022-03-04,17405,257,82612,453,195,36,15,13
2022-03-03,20874,279,82612,427,202,33,15,2
2022-03-02,20557,299,82612,385,206,34,11,4
2022-03-01,23125,310,90628,257,217,37,8,2
2022-02-28,24429,348,90628,991,233,35,39,7
2022-02-27,4703,179,90628,0,230,41,0,0
2022-02-26,5247,204,90628,0,252,40,0,0
2022-02-25,20645,354,90628,405,286,55,26,7
2022-02-24,23473,440,90628,317,295,56,20,26
2022-02-23,26453,402,90628,946,299,63,19,11
2022-02-22,28411,489,134795,760,331,68,55,31
2022-02-21,12480,475,134795,0,325,69,0,0
2022-02-20,4833,290,134795,0,334,76,0,0
2022-02-19,5637,376,134795,0,352,79,0,0
2022-02-18,13230,534,134795,567,380,78,31,26
2022-02-17,25799,582,134795,476,363,77,24,8
2022-02-16,25894,662,134795,633,399,76,19,2
2022-02-15,28468,688,180930,702,415,79,18,0
2022-02-14,28336,861,180930,2761,431,77,50,3
2022-02-13,5498,442,180930,0,453,89,0,0
2022-02-12,5858,525,180930,0,456,96,0,0
2022-02-11,14538,905,180930,0,482,101,0,0
2022-02-10,27638,944,180930,1242,538,102,43,66
2022-02-09,26176,1066,180930,1414,581,118,60,10
2022-02-08,29232,1194,273995,309,617,124,25,19
2022-02-07,31384,1369,273995,2845,619,125,28,90
2022-02-06,5734,677,273995,0,620,123,0,0
2022-02-05,7377,827,273995,0,627,120,0,0
2022-02-04,23744,1471,273995,2795,687,124,12,33
2022-02-03,28049,1576,273995,1265,746,134,14,6
2022-02-02,28543,1816,273995,1528,818,147,16,46
2022-02-01,30851,2045,239724,1229,846,161,10,50
2022-01-31,33624,2447,239724,9366,872,164,34,17
2022-01-30,7220,1049,239724,0,934,174,0,0
2022-01-29,10331,1592,239724,0,967,173,0,0
2022-01-28,27484,2716,239724,4751,1007,174,29,20
2022-01-27,32677,3035,239724,1782,1022,178,31,19
2022-01-26,31962,3441,239724,2592,1067,184,28,64
2022-01-25,36619,3958,251069,2864,1086,179,10,54
2022-01-24,39189,4626,251069,18927,1114,191,15,9
2022-01-23,9976,2212,251069,0,1162,195,0,0
2022-01-22,14472,3194,251069,0,1162,204,0,0
2022-01-21,37165,5621,251069,11020,1163,199,7,47
2022-01-20,41478,6314,251069,6532,1144,188,5,26
2022-01-19,43539,7317,251069,4261,1183,199,3,33
2022-01-18,47843,8152,269716,24639,1232,207,17,41
2022-01-17,32739,7165,269716,0,1197,199,0,0
2022-01-16,12103,3314,269716,0,1202,188,0,0
2022-01-15,18158,4877,269716,0,1200,180,0,0
2022-01-14,41684,8647,269716,8257,1194,178,5,37
2022-01-13,47338,9059,269716,8440,1154,171,2,12
2022-01-12,49843,10223,269716,11092,1072,168,3,29
2022-01-11,52130,11325,162643,5081,1071,169,3,8
2022-01-10,59241,12811,162643,22945,1013,159,2,23
2022-01-09,16163,4674,162643,0,964,140,0,0
2022-01-08,22537,6177,162643,0,907,128,0,0
2022-01-07,51704,12119,162643,6428,875,116,3,9
2022-01-06,55709,12706,162643,6266,779,122,2,37
2022-01-05,56135,13597,162643,4646,724,109,4,0
2022-01-04,58635,14120,119892,5930,673,116,2,9
2022-01-03,53525,13578,119892,15427,614,110,5,4
2022-01-02,17847,5077,119892,0,545,104,0,0
2022-01-01,9808,2740,119892,0,522,97,0,0
2021-12-31,23610,6292,119892,0,481,89,0,0
2021-12-30,39171,9229,119892,3402,453,82,2,13
2021-12-29,40032,9472,119892,2749,420,86,5,3
2021-12-28,37556,9091,96337,987,376,72,6,7
2021-12-27,32557,7399,96337,6475,322,66,13,2
2021-12-26,13539,3090,96337,0,282,66,0,0
2021-12-25,3943,889,96337,0,256,60,0,0
2021-12-24,11275,1898,96337,0,229,54,0,0
2021-12-23,22524,2982,96337,655,229,54,5,2
2021-12-22,22493,2727,96337,1057,217,58,2,1
2021-12-21,20816,2041,90861,652,215,57,4,0
2021-12-20,19290,1567,90861,1355,188,56,2,1
2021-12-19,7416,630,90861,0,195,56,0,0
2021-12-18,8054,550,90861,0,196,53,0,0
2021-12-17,15406,752,90861,449,193,49,5,0
2021-12-16,17039,732,90861,316,198,56,7,0
2021-12-15,17480,666,90861,314,201,58,10,6
2021-12-14,15210,504,97989,199,206,64,6,0
2021-12-13,16213,559,97989,1169,194,63,9,0
2021-12-12,5653,230,97989,0,196,66,0,0
2021-12-11,7108,315,97989,0,199,65,0,0
2021-12-10,13993,439,97989,314,200,59,8,-1
2021-12-09,16398,481,97989,295,194,60,10,1
2021-12-08,16769,444,97989,283,196,59,13,3
2021-12-07,16508,481,0,306,183,57,12,12
2021-12-06,16553,495,0,1443,163,53,15,8
2021-12-05,5595,243,0,0,169,57,0,0
2021-12-04,6989,281,0,0,164,56,0,0
2021-12-03,13288,422,0,356,177,53,7,4
2021-12-02,15215,482,0,314,176,56,13,11
2021-12-01,16456,487,15409,228,169,55,11,16
2021-11-30,17567,486,13101,222,189,54,15,24
2021-11-29,18522,516,8990,1226,196,52,35,1
2021-11-28,5429,240,40763,0,181,48,0,0
2021-11-27,5478,293,0,0,181,43,0,0
2021-11-26,7690,310,0,0,184,46,0,0
2021-11-25,2194,108,0,0,186,45,0,0
2021-11-24,10324,301,0,180,188,49,9,1
2021-11-23,12882,347,10400,151,179,45,2,2
2021-11-22,14454,337,7182,769,187,49,3,0
2021-11-21,4867,212,32220,0,186,49,0,0
2021-11-20,5806,210,0,0,188,49,0,0
2021-11-19,12191,348,0,328,194,48,2,5
2021-11-18,14289,339,17030,200,194,47,6,3
2021-11-17,16497,352,15155,341,208,49,1,3
2021-11-16,16436,332,12145,183,216,52,4,0
2021-11-15,17242,394,9703,705,210,55,5,0
2021-11-14,4867,180,30734,0,204,56,0,0
2021-11-13,5900,282,0,0,195,58,0,0
2021-11-12,12763,369,0,552,207,61,9,0
2021-11-11,12768,380,29829,0,219,57,0,0
2021-11-10,16475,401,0,218,219,55,11,2
2021-11-09,15333,381,12103,239,218,50,5,0
2021-11-08,16117,385,7912,874,225,53,3,0
2021-11-07,5057,228,33982,0,227,56,0,0
2021-11-06,6143,296,0,0,219,52,0,0
2021-11-05,13762,411,0,383,219,49,3,5
2021-11-04,14979,452,15557,292,212,54,3,3
2021-11-03,16148,407,15889,214,215,51,7,0
2021-11-02,16469,456,11930,169,198,46,2,0
2021-11-01,15439,401,7449,906,197,47,5,8
2021-10-31,4521,179,32415,0,199,53,0,0
2021-10-30,6275,260,0,0,203,53,0,0
2021-10-29,12169,393,0,325,198,51,3,1
2021-10-28,14674,426,19007,314,193,49,4,-2
2021-10-27,15565,385,12920,355,195,53,4,0
2021-10-26,15414,409,11934,129,200,49,6,21
2021-10-25,14439,454,8699,835,213,52,16,11
2021-10-24,4285,246,32909,0,207,44,0,0
2021-10-23,5960,228,0,0,209,44,0,0
2021-10-22,12821,335,0,104,205,43,12,2
2021-10-21,14922,398,16402,396,190,43,12,26
2021-10-20,15012,336,14047,219,200,42,7,6
2021-10-19,15915,377,13073,162,190,41,3,8
2021-10-18,15931,349,6783,666,185,32,10,3
2021-10-17,4706,183,35260,0,175,34,0,0
2021-10-16,5596,189,0,0,191,35,0,0
2021-10-15,11981,279,0,244,204,37,5,0
2021-10-14,14025,291,13711,198,210,39,5,5
2021-10-13,15424,362,15882,215,207,40,4,16
2021-10-12,15596,327,32394,937,205,40,29,2
2021-10-11,15287,366,19343,0,211,45,0,0
2021-10-10,4746,197,0,0,208,47,0,0
2021-10-09,5655,182,0,0,224,49,0,0
2021-10-08,11800,361,0,260,214,44,12,10
2021-10-07,13747,335,14967,211,223,47,9,1
2021-10-06,15613,346,15643,384,220,54,7,3
2021-10-05,15573,344,10422,164,224,60,3,1
2021-10-04,16227,366,14406,670,230,60,8,2
2021-10-03,4998,199,29091,0,242,62,0,0
2021-10-02,6010,230,0,0,252,72,0,0
2021-10-01,12355,363,0,270,252,71,4,11
2021-09-30,13999,350,14174,398,283,76,6,8
2021-09-29,15338,322,16683,305,279,85,8,4
2021-09-28,16084,379,13539,235,291,82,13,2
2021-09-27,16146,435,12461,1470,288,72,21,-1
2021-09-26,5199,197,45836,0,300,80,0,0
2021-09-25,6276,261,0,0,309,80,0,0
2021-09-24,12539,393,0,356,312,85,13,8
2021-09-23,14656,411,19359,304,308,76,8,1
2021-09-22,15840,408,16435,259,313,87,8,3
2021-09-21,16788,460,12303,433,326,85,3,1
2021-09-20,17572,464,10025,1031,311,95,8,0
2021-09-19,6352,242,38742,0,309,100,0,0
2021-09-18,7917,291,0,0,320,107,0,0
2021-09-17,15281,497,0,394,348,101,7,1
2021-09-16,15369,444,16835,326,367,108,11,0
2021-09-15,17358,508,15291,352,371,102,10,0
2021-09-14,16754,527,11797,391,368,103,7,3
2021-09-13,17203,599,10712,1583,372,105,10,1
2021-09-12,5669,325,41269,0,406,119,0,0
2021-09-11,7256,342,0,0,416,126,0,0
2021-09-10,14789,564,0,563,401,125,4,1
2021-09-09,16952,569,28136,296,426,130,9,3
2021-09-08,17693,537,14545,338,432,132,16,1
2021-09-07,20188,633,8450,1651,446,135,20,0
2021-09-06,5866,286,39930,0,466,128,0,0
2021-09-05,5056,291,0,0,478,128,0,0
2021-09-04,6291,373,0,0,488,126,0,0
2021-09-03,13064,593,0,414,483,128,14,3
2021-09-02,16239,604,14217,437,500,138,7,-1
2021-09-01,16262,790,13510,646,521,143,4,0
2021-08-31,17849,760,13430,355,534,149,5,0
2021-08-30,18087,810,10851,1525,556,150,18,0
2021-08-29,5736,407,31388,0,546,139,0,0
2021-08-28,6451,424,0,0,545,136,0,0
2021-08-27,12657,647,0,930,549,121,5,5
2021-08-26,13692,671,13351,477,592,132,7,0
2021-08-25,13816,740,15294,557,565,122,6,0
2021-08-24,15723,868,11643,517,573,129,6,0
2021-08-23,16517,845,9941,1855,564,132,2,0
2021-08-22,5444,487,31050,0,570,116,0,0
2021-08-21,6414,516,0,0,560,121,0,0
2021-08-20,11752,817,0,820,574,136,7,0
2021-08-19,13367,768,12458,572,571,137,4,0
2021-08-18,13605,796,12644,1213,571,133,4,3
2021-08-17,14079,910,11213,668,568,125,3,1
2021-08-16,14021,937,14594,2117,549,126,2,0
2021-08-15,4837,475,30278,0,538,124,0,0
2021-08-14,5958,582,0,0,528,127,0,0
2021-08-13,11283,889,0,933,505,127,2,0
2021-08-12,12581,1078,12341,465,498,120,2,0
2021-08-11,14438,1065,15431,612,497,126,0,1
2021-08-10,14966,1104,8693,640,495,96,2,2
2021-08-09,14819,1027,11618,2181,461,89,2,3
2021-08-08,6096,641,28210,0,453,84,0,0
2021-08-07,6725,652,0,0,463,82,0,0
2021-08-06,12029,1012,0,1108,458,76,2,16
2021-08-05,13127,1072,12761,777,454,71,3,1
2021-08-04,12755,949,14534,92,409,69,0,4
2021-08-03,13094,1009,8476,872,375,68,0,0
2021-08-02,12377,996,8201,1996,333,62,2,1
2021-08-01,5536,595,26696,0,322,68,0,0
2021-07-31,6341,729,0,0,292,69,0,0
2021-07-30,11576,891,0,593,269,61,0,0
2021-07-29,11304,999,9464,522,252,59,1,0
2021-07-28,11094,923,11127,532,236,56,0,0
2021-07-27,11153,801,7963,453,215,56,1,0
2021-07-26,11732,833,5500,1351,212,48,1,0
2021-07-25,4692,501,20487,0,194,48,0,0
2021-07-24,5290,492,0,0,178,45,0,0
2021-07-23,9111,697,0,431,178,41,0,-1
2021-07-22,9427,638,9989,304,156,44,2,0
2021-07-21,9219,630,7872,290,149,39,0,0
2021-07-20,9844,564,7303,315,143,35,1,0
2021-07-19,9299,499,7542,1554,126,59,2,0
2021-07-18,3888,311,38762,0,117,59,0,0
2021-07-17,4201,277,0,0,120,57,0,0
2021-07-16,7832,397,0,0,123,46,0,0
2021-07-15,7709,405,0,0,117,34,0,0
2021-07-14,7962,367,0,0,119,32,0,0
2021-07-13,8108,393,0,1050,119,25,9,0
2021-07-12,8839,310,41863,0,119,25,0,0
2021-07-11,3366,170,0,0,113,24,0,0
2021-07-10,3982,209,0,0,102,20,0,0
2021-07-09,6603,234,0,0,90,21,0,0
2021-07-08,7257,278,0,0,88,15,0,0
2021-07-07,7415,235,0,0,79,15,0,0
2021-07-06,8458,205,0,331,70,12,1,0
2021-07-05,5031,141,18184,0,73,11,0,0
2021-07-04,1753,38,0,0,73,10,0,0
2021-07-03,3856,91,0,0,66,10,0,0
2021-07-02,5817,143,0,74,70,11,1,0
2021-07-01,7478,132,7860,54,63,12,1,-1
2021-06-30,7042,112,8716,51,70,13,1,0
2021-06-29,7565,117,6165,44,56,10,2,0
2021-06-28,8640,140,5346,170,56,10,4,0
2021-06-27,3197,50,15338,0,51,11,0,0
2021-06-26,3786,80,0,0,40,8,0,0
2021-06-25,6147,87,0,44,45,6,2,-1
2021-06-24,6334,98,6329,31,49,9,1,1
2021-06-23,6306,78,7866,19,51,10,2,0
2021-06-22,7782,71,6629,36,55,11,2,0
2021-06-21,8205,56,4899,112,51,8,4,0
2021-06-20,3193,28,14626,0,54,14,0,0
2021-06-19,3631,51,0,0,56,13,0,0
2021-06-18,5891,55,0,39,55,16,1,0
2021-06-17,6204,58,6750,43,54,17,1,0
2021-06-16,6759,66,7647,33,50,8,2,-2
2021-06-15,7629,47,7373,32,54,13,2,0
2021-06-14,8547,58,8160,75,54,15,2,0
2021-06-13,3310,28,17491,0,55,11,0,0
2021-06-12,3709,33,0,0,55,17,0,0
2021-06-11,6427,45,0,18,50,15,3,0
2021-06-10,7359,52,8118,40,56,14,2,0
2021-06-09,7198,42,6824,26,53,14,2,0
2021-06-08,8639,47,8711,31,50,7,5,-1
2021-06-07,10578,54,5569,19,54,7,0,0
2021-06-06,3695,36,5116,41,64,8,5,0
2021-06-05,3918,48,5822,42,61,10,5,-1
2021-06-04,6946,44,8644,24,61,13,3,-1
2021-06-03,7734,52,11537,25,59,13,2,2
2021-06-02,8914,40,9020,31,60,16,3,2
2021-06-01,13848,61,4510,29,58,14,0,0
2021-05-31,3111,16,4344,21,63,15,0,0
2021-05-30,3475,19,3412,21,65,15,2,0
2021-05-29,3345,32,5538,56,63,15,4,1
2021-05-28,5927,45,8559,55,63,14,3,0
2021-05-27,7187,58,9702,28,62,14,1,4
2021-05-26,8091,53,8664,11,61,18,1,1
2021-05-25,10677,50,8830,22,66,8,2,1
2021-05-24,11637,54,8272,26,72,9,3,0
2021-05-23,3241,35,3790,47,76,11,2,0
2021-05-22,3458,25,6420,29,69,10,5,3
2021-05-21,6953,61,9656,27,68,9,4,2
2021-05-20,7347,44,11387,37,68,10,4,10
2021-05-19,9027,47,12193,51,75,22,3,10
2021-05-18,11750,65,12838,48,70,15,0,10
2021-05-17,13680,62,6145,39,78,14,0,0
2021-05-16,3525,38,4469,52,79,13,1,0
2021-05-15,3859,54,7227,55,82,23,2,10
2021-05-14,8730,71,11803,145,80,25,2,1
2021-05-13,9238,87,11159,35,75,20,3,0
2021-05-12,10908,86,12144,42,80,15,6,0
2021-05-11,12269,85,9980,58,83,18,9,0
2021-05-10,13941,78,7437,46,84,18,0,0
2021-05-09,3323,34,4087,33,80,20,3,0
2021-05-08,3941,48,6835,47,84,21,5,0
2021-05-07,9215,72,11100,30,90,22,8,2
2021-05-06,8490,96,11186,38,93,20,13,0
2021-05-05,11205,84,12653,47,91,23,1,0
2021-05-04,13136,89,9444,72,89,25,9,-2
2021-05-03,15027,117,6161,55,97,26,0,0
2021-05-02,3847,61,5642,75,95,21,4,0
2021-05-01,4039,72,7769,66,111,24,8,-1
2021-04-30,9649,105,12224,68,106,27,9,-2
2021-04-29,9605,112,10798,43,113,22,4,0
2021-04-28,11780,95,12616,73,116,25,5,-1
2021-04-27,13053,108,9555,90,125,24,6,0
2021-04-26,16336,115,7110,80,128,27,0,0
2021-04-25,3447,64,6324,69,115,23,9,0
2021-04-24,3739,65,10598,85,113,25,6,1
2021-04-23,9604,112,9672,65,114,22,8,7
2021-04-22,9639,124,11837,69,100,15,8,0
2021-04-21,12051,127,10511,53,110,22,2,0
2021-04-20,13570,152,13473,127,110,23,4,-1
2021-04-19,17069,172,5994,63,113,25,0,0
2021-04-18,3598,78,6193,79,128,22,5,0
2021-04-17,4180,103,8032,80,124,23,5,5
2021-04-16,10709,141,12627,112,134,25,17,3
2021-04-15,10323,145,11463,65,135,29,7,5
2021-04-14,12687,173,15496,89,125,29,13,9
2021-04-13,13920,156,13143,102,122,30,10,-1
2021-04-12,17394,193,10355,120,115,31,0,0
2021-04-11,3730,102,6288,196,120,29,8,0
2021-04-10,4251,101,8622,422,124,25,5,0
2021-04-09,10411,165,15183,87,125,33,16,0
2021-04-08,10726,157,12911,95,114,32,19,0
2021-04-07,12690,178,13998,75,113,28,7,2
2021-04-06,14784,159,9340,131,114,29,12,0
2021-04-05,17074,166,6665,112,107,23,0,0
2021-04-04,3335,68,4514,96,109,16,4,0
2021-04-03,4413,119,8323,248,115,22,7,0
2021-04-02,10117,188,11854,90,109,23,6,0
2021-04-01,10603,170,17838,81,118,23,11,0
2021-03-31,11866,181,13159,146,131,22,4,0
2021-03-30,14585,185,10269,106,141,26,14,1
2021-03-29,15122,176,7248,123,143,26,1,0
2021-03-28,3870,89,5535,119,145,29,14,0
2021-03-27,4415,84,9407,94,156,25,27,0
2021-03-26,9909,177,13888,156,170,28,19,-1
2021-03-25,10796,184,12390,97,172,31,19,0
2021-03-24,13010,188,12557,82,167,35,11,2
2021-03-23,13798,184,9836,119,172,36,27,0
2021-03-22,16135,184,7150,102,188,40,1,0
2021-03-21,3541,93,4912,113,195,50,45,0
2021-03-20,4286,122,8003,118,187,43,26,-1
2021-03-19,9832,182,13852,127,197,43,14,0
2021-03-18,10286,177,14079,114,206,44,11,4
2021-03-17,14559,208,11880,163,213,49,25,0
2021-03-16,14048,207,10564,23,199,54,0,2
2021-03-15,15523,188,7333,169,216,62,21,0
2021-03-14,3342,92,2384,151,233,72,31,0
2021-03-13,4202,127,9487,172,241,76,26,1
2021-03-12,9277,207,10221,172,237,71,29,15
2021-03-11,9991,250,13096,139,245,74,33,0
2021-03-10,12252,213,13420,56,252,67,33,1
2021-03-09,14299,259,9677,108,277,73,61,1
2021-03-08,15771,252,6052,163,283,77,26,0
2021-03-07,3545,126,5709,110,288,84,53,0
2021-03-06,4852,151,8917,269,296,89,98,0
2021-03-05,10072,214,11188,232,321,87,62,3
2021-03-04,10471,249,13577,160,339,91,47,13
2021-03-03,13059,231,15146,160,379,97,14,1
2021-03-02,15668,297,9713,186,403,107,31,3
2021-03-01,16730,305,6261,179,425,116,4,0
2021-02-28,3474,149,5435,191,419,119,13,0
2021-02-27,4527,221,8075,281,421,132,12,2
2021-02-26,10642,297,16684,349,444,128,3,0
2021-02-25,11609,358,14898,174,453,137,41,1
2021-02-24,13644,345,12148,325,515,160,0,3
2021-02-23,15146,366,10938,250,515,151,0,0
2021-02-22,15099,424,12783,253,539,152,38,0
2021-02-21,4034,234,5125,252,556,179,40,0
2021-02-20,5421,279,12110,391,577,190,44,13
2021-02-19,11195,377,17530,324,591,196,41,13
2021-02-18,12515,441,19987,336,636,215,41,0
2021-02-17,14613,497,13950,166,663,230,27,8
2021-02-16,17310,605,8591,369,719,235,23,0
2021-02-15,12803,535,5651,289,748,235,17,0
2021-02-14,3856,259,7673,361,777,242,33,0
2021-02-13,5235,423,11328,517,790,257,26,12
2021-02-12,11560,597,13926,628,839,270,25,0
2021-02-11,14840,714,15392,779,908,290,42,31
2021-02-10,15888,752,18924,454,965,298,35,5
2021-02-09,17978,852,19850,560,1009,310,33,7
2021-02-08,19116,981,7104,942,1058,324,25,0
2021-02-07,4745,458,9270,1187,1046,331,46,0
2021-02-06,7097,689,14423,739,1093,335,33,6
2021-02-05,14327,1130,18824,1028,1164,347,30,28
2021-02-04,17818,1286,15006,602,1233,342,50,0
2021-02-03,17339,1318,17063,546,1238,365,37,21
2021-02-02,20158,1497,14219,768,1298,363,53,22
2021-02-01,20678,1517,8625,1003,1330,370,47,0
2021-01-31,5439,608,11640,1355,1362,384,44,0
2021-01-30,8051,1021,16044,1279,1412,392,43,24
2021-01-29,17625,1475,22215,1460,1442,394,107,11
2021-01-28,20762,1771,21584,1276,1521,426,29,25
2021-01-27,20037,1827,19733,1038,1592,439,71,22
2021-01-26,22904,1970,14230,1365,1639,448,64,19
2021-01-25,22892,2030,13849,1330,1677,437,66,0
2021-01-24,5280,761,13770,1795,1703,447,13,0
2021-01-23,9455,1288,15466,2752,1732,467,78,28
2021-01-22,20793,2240,25262,892,1818,482,1,6
2021-01-21,23994,2497,25057,1340,1896,516,38,54
2021-01-20,23902,2493,20166,1701,1935,517,31,21
2021-01-19,25659,2678,16310,2314,1975,527,64,0
2021-01-18,23615,2585,12430,1681,2007,523,46,0
2021-01-17,6644,991,14853,1448,1964,538,47,0
2021-01-16,10304,1598,25761,3454,2026,538,43,34
2021-01-15,22254,2599,28401,3158,2065,542,82,38
2021-01-14,25482,3117,27279,3221,2102,532,16,13
2021-01-13,26385,3245,28387,3847,2169,544,31,71
2021-01-12,31513,4011,20812,3824,2180,544,28,21
2021-01-11,30892,3724,16401,3259,2200,535,29,0
2021-01-10,7927,1361,26231,3121,2221,544,50,0
2021-01-09,12306,2225,33470,4204,2216,547,43,48
2021-01-08,24029,3831,17080,3544,2221,528,26,77
2021-01-07,28319,4736,27224,2701,2259,514,29,37
2021-01-06,28951,4833,31915,3077,2251,502,17,43
2021-01-05,32225,5422,20003,1376,2249,485,0,61
2021-01-04,33286,5153,17427,8990,2236,504,25,0
2021-01-03,9617,1953,33817,0,2178,500,0,0
2021-01-02,15681,3299,0,0,2136,487,0,0
2021-01-01,4983,1112,0,4406,2057,506,26,81
2020-12-31,17347,3154,23385,610,2097,501,1,74
2020-12-30,28371,5260,30482,4514,2128,495,27,111
2020-12-29,29890,5726,12340,2452,2145,479,1,102
2020-12-28,27643,5228,14038,2144,2106,473,0,0
2020-12-27,7772,1746,20307,3200,2031,453,1,0
2020-12-26,11967,2745,11647,2757,1990,443,22,0
2020-12-25,3275,840,14569,3196,1957,432,41,64
2020-12-24,13958,2553,23016,3490,1955,417,1,33
2020-12-23,26477,4341,20130,4406,1893,405,2,113
2020-12-22,28728,4428,21535,2233,1854,394,2,133
2020-12-21,28463,4279,29144,3753,1806,390,2,0
2020-12-20,8402,1592,4060,4606,1709,380,15,0
2020-12-19,15742,2715,20198,3445,1682,375,26,42
2020-12-18,25109,4048,21203,2594,1601,361,3,57
2020-12-17,28286,4614,20989,2615,1557,358,13,60
2020-12-16,26959,4543,19401,3231,1519,343,23,61
2020-12-15,28123,4818,15725,2173,1486,319,1,103
2020-12-14,27397,4402,34205,3250,1371,296,0,0
2020-12-13,8128,1677,25763,3121,1287,288,14,0
2020-12-12,12344,2256,21438,2091,1236,284,18,24
2020-12-11,22429,3459,31605,2655,1150,273,22,18
2020-12-10,21926,3384,13619,1521,1122,265,7,40
2020-12-09,25783,3811,22064,2613,1025,257,0,13
2020-12-08,26650,3645,15592,1671,974,239,0,61
2020-12-07,24294,3380,18025,1964,946,238,0,0
2020-12-06,6832,1220,15462,2025,877,218,15,0
2020-12-05,11256,2029,18060,1966,848,209,15,7
2020-12-04,20193,2898,25745,1234,842,193,17,45
2020-12-03,20603,2757,14561,1102,746,195,8,28
2020-12-02,21122,2482,15903,1208,735,179,1,20
2020-12-01,22381,2290,12851,790,689,171,0,49
2020-11-30,21260,2401,17236,734,648,158,0,0
2020-11-29,6571,1003,7015,1058,605,146,0,0
2020-11-28,9119,1339,8037,1666,597,148,0,0
2020-11-27,9519,1323,11017,1008,534,138,7,21
2020-11-26,2970,434,16411,935,506,139,11,0
2020-11-25,16644,1699,24523,1199,499,130,3,25
2020-11-24,21366,1742,15084,837,479,115,2,17
2020-11-23,20275,1533,12251,1422,463,116,0,0
2020-11-22,6637,761,10973,552,428,105,3,0
2020-11-21,9214,844,19035,806,380,91,11,6
2020-11-20,16650,1398,13213,1169,365,88,3,10
2020-11-19,16711,1318,14542,582,333,102,9,8
2020-11-18,18039,1236,21263,628,304,83,2,8
2020-11-17,18165,1273,8753,352,291,90,0,11
2020-11-16,16291,1127,14903,380,270,79,0,0
2020-11-15,4900,475,4848,639,257,85,2,0
2020-11-14,6489,584,7896,528,242,90,2,13
2020-11-13,12294,795,12871,598,235,90,2,5
2020-11-12,12245,761,10935,295,244,95,6,0
2020-11-11,10142,511,12569,335,251,89,2,9
2020-11-10,15214,634,8197,267,244,83,3,2
2020-11-09,14325,631,7130,308,224,79,0,0
2020-11-08,3949,225,7148,512,205,76,3,0
2020-11-07,4714,262,15061,322,201,72,3,1
2020-11-06,10471,508,8050,309,199,72,9,0
2020-11-05,10729,553,12034,271,177,72,3,4
2020-11-04,11971,508,9881,237,178,76,7,3
2020-11-03,13425,442,7261,306,182,78,1,0
2020-11-02,11661,437,5057,183,177,60,-1,0
2020-11-01,3369,163,7747,233,183,60,1,0
2020-10-31,4362,225,9193,164,181,55,8,3
2020-10-30,8868,290,10670,276,188,58,7,1
2020-10-29,9688,337,7189,229,182,61,1,2
2020-10-28,11744,356,9102,233,181,59,13,0
2020-10-27,10328,244,7089,255,177,60,7,5
2020-10-26,10033,310,8402,152,157,56,0,0
2020-10-25,3140,144,5498,247,162,59,3,0
2020-10-24,3992,191,6261,316,150,55,4,-1
2020-10-23,8424,308,10092,162,159,55,6,0
2020-10-22,9272,323,12135,213,162,58,11,0
2020-10-21,10479,357,6797,262,168,56,11,0
2020-10-20,11521,308,15127,302,174,66,2,7
2020-10-19,10867,339,10271,203,168,63,1,0
2020-10-18,3191,138,6907,196,168,63,0,0
2020-10-17,4009,189,9489,85,162,59,8,-1
2020-10-16,7997,289,8723,151,159,56,10,1
2020-10-15,8606,300,5336,153,170,66,31,3
2020-10-14,10688,265,6623,213,164,66,19,2
2020-10-13,11659,319,5750,178,165,60,0,0
2020-10-12,10054,286,9168,117,160,57,0,0
2020-10-11,3006,113,4504,244,167,56,1,0
2020-10-10,4346,187,6449,186,164,57,24,3
2020-10-09,8257,255,8477,162,169,61,10,-1
2020-10-08,8617,318,10821,141,176,64,14,5
2020-10-07,10155,271,7058,144,172,62,3,12
2020-10-06,11814,271,6066,138,183,64,2,3
2020-10-05,9555,259,5286,120,176,63,1,0
2020-10-04,2760,108,3393,283,168,53,0,0
2020-10-03,3619,140,5513,239,155,47,5,10
2020-10-02,7319,250,10074,209,160,47,6,15
2020-10-01,6718,258,10569,158,175,48,7,3
2020-09-30,8536,269,5514,194,173,45,19,14
2020-09-29,9252,312,7063,109,172,48,33,35
2020-09-28,8701,272,7899,133,162,46,0,0
2020-09-27,3813,137,3089,246,161,46,2,0
2020-09-26,4539,136,8851,165,164,45,10,12
2020-09-25,7792,283,9986,282,156,47,22,18
2020-09-24,7925,323,8748,84,157,50,6,50
2020-09-23,11232,311,8403,156,168,42,26,15
2020-09-22,11696,274,5716,181,175,51,22,5
2020-09-21,9041,270,7004,138,170,55,0,0
2020-09-20,2956,123,4485,190,178,64,1,0
2020-09-19,3721,164,7405,227,170,55,4,5
2020-09-18,6509,231,8844,247,202,65,8,5
2020-09-17,7984,269,12072,140,201,64,4,14
2020-09-16,10126,228,9601,135,198,64,6,1
2020-09-15,10252,238,6054,150,202,67,12,8
2020-09-14,8315,237,8480,44,201,67,0,0
2020-09-13,2660,107,3689,170,193,56,0,0
2020-09-12,3471,162,5136,147,196,58,12,37
2020-09-11,8701,233,8558,142,215,65,12,4
2020-09-10,8148,241,7252,281,223,65,4,1
2020-09-09,10058,213,5904,194,239,64,9,19
2020-09-08,9330,296,6853,151,234,62,3,0
2020-09-07,2263,86,3363,113,242,70,0,0
2020-09-06,2457,92,4444,223,238,75,2,0
2020-09-05,2921,145,5305,251,253,77,9,-1
2020-09-04,6451,262,7379,313,274,83,24,0
2020-09-03,6040,266,7555,299,264,77,11,5
2020-09-02,9010,248,11064,317,272,79,19,-1
2020-09-01,8538,270,7605,287,295,89,8,12
2020-08-31,7279,280,6339,94,307,93,1,0
2020-08-30,2583,76,12916,254,317,98,4,0
2020-08-29,2923,132,13069,408,329,99,19,3
2020-08-28,6048,215,812,323,341,99,9,11
2020-08-27,5718,285,7093,369,351,98,29,18
2020-08-26,8677,294,5767,448,372,112,7,23
2020-08-25,8554,308,5649,335,399,113,15,10
2020-08-24,7722,260,8108,353,385,113,0,0
2020-08-23,2725,144,3305,153,388,116,1,0
2020-08-22,3135,185,5163,493,380,111,14,14
2020-08-21,6039,344,7559,372,392,110,26,30
2020-08-20,6062,323,9429,429,397,117,23,8
2020-08-19,8643,343,6545,295,400,118,18,9
2020-08-18,8122,340,5282,287,419,124,5,21
2020-08-17,8236,323,6282,216,409,124,0,0
2020-08-16,2853,112,6907,342,414,132,1,0
2020-08-15,3209,194,7822,513,422,133,20,10
2020-08-14,6036,388,11515,683,434,138,20,10
2020-08-13,7051,419,9513,348,436,152,24,23
2020-08-12,9334,322,13506,245,438,143,11,12
2020-08-11,9038,458,5917,1051,440,141,10,29
2020-08-10,7817,383,13839,886,441,141,0,0
2020-08-09,2822,131,10659,565,468,152,6,0
2020-08-08,3190,222,14665,322,487,163,16,29
2020-08-07,6758,449,6871,43,491,167,7,2
2020-08-06,7047,474,4521,580,511,177,32,39
2020-08-05,11324,594,3330,65,517,171,12,21
2020-08-04,10425,633,5075,253,536,172,2,32
2020-08-03,8543,526,3755,422,539,167,0,0
2020-08-02,3372,262,17133,558,555,175,2,0
2020-08-01,4183,338,3173,637,554,171,31,1
2020-07-31,7410,620,6357,418,546,169,14,21
2020-07-30,7994,609,5811,506,593,191,17,89
2020-07-29,10701,727,-1337,439,592,189,6,8
2020-07-28,8711,609,5366,187,626,204,15,40
2020-07-27,8233,651,6100,273,640,203,2,0
2020-07-26,2820,277,2117,420,661,204,2,0
2020-07-25,3660,365,1826,595,687,201,6,1
2020-07-24,6782,643,4689,710,685,203,13,14
2020-07-23,7897,620,4035,905,652,215,22,10
2020-07-22,9270,625,6543,767,690,233,8,28
2020-07-21,7684,724,7530,990,699,233,20,17
2020-07-20,7637,699,6684,560,700,234,1,0
2020-07-19,3311,386,7443,415,666,213,-2,0
2020-07-18,4089,517,6386,702,665,214,25,14
2020-07-17,8737,904,4974,405,692,232,3,19
2020-07-16,8636,978,7086,873,682,235,11,52
2020-07-15,9733,1044,5010,911,711,245,22,6
2020-07-14,8342,963,4522,865,722,238,9,40
2020-07-13,9121,1012,10288,540,712,237,1,0
2020-07-12,3218,462,6791,814,674,235,2,0
2020-07-11,4369,683,4199,1251,675,233,9,24
2020-07-10,8528,1155,6890,1133,671,231,10,7
2020-07-09,8419,1080,7315,1292,672,227,26,17
2020-07-08,10242,1180,3514,1333,691,236,7,31
2020-07-07,9319,1211,6786,1010,679,234,3,16
2020-07-06,8779,1220,8037,1028,659,224,0,2
2020-07-05,2997,503,4157,663,634,203,3,0
2020-07-04,2214,460,5649,413,624,197,3,10
2020-07-03,5970,877,6862,713,594,193,6,11
2020-07-02,8938,1078,5963,652,584,187,9,8
2020-07-01,8252,1132,7001,570,556,193,5,46
2020-06-30,8299,1215,7746,779,542,192,10,12
2020-06-29,8462,1240,9918,456,510,176,4,0
2020-06-28,2956,544,6108,146,485,175,3,0
2020-06-27,4334,738,7952,539,492,170,0,4
2020-06-26,7886,1103,1583,477,467,179,17,6
2020-06-25,7804,1096,-110,501,451,166,7,22
2020-06-24,8625,1177,3055,350,437,161,26,20
2020-06-23,7937,1118,4297,140,406,154,4,32
2020-06-22,7160,946,3999,171,376,152,0,0
2020-06-21,2073,312,4081,420,361,142,2,0
2020-06-20,3741,531,5229,396,363,142,10,12
2020-06-19,6626,778,4893,280,344,138,7,16
2020-06-18,6604,781,5037,127,335,141,7,16
2020-06-17,6341,631,5177,196,351,149,10,39
2020-06-16,6676,659,4030,241,364,151,12,77
2020-06-15,5360,415,1261,196,346,138,0,0
2020-06-14,1682,165,3055,290,321,143,4,0
2020-06-13,2650,263,4297,127,336,150,7,21
2020-06-12,4744,354,3999,160,311,150,8,20
2020-06-11,5228,388,4081,246,325,156,4,13
2020-06-10,5613,316,5229,143,312,143,13,12
2020-06-09,5574,277,4893,83,315,146,8,19
2020-06-08,4570,302,5037,108,327,149,0,0
2020-06-07,1973,132,5177,109,322,148,1,0
2020-06-06,2547,181,4030,258,309,137,2,34
2020-06-05,4455,264,3871,274,315,131,9,4
2020-06-04,4477,308,4188,102,300,123,6,18
2020-06-03,4811,298,3815,128,296,124,9,29
2020-06-02,5255,290,4712,89,306,130,3,52
2020-06-01,3764,255,3606,200,292,121,0,0
2020-05-31,1604,131,4233,150,283,120,1,0
2020-05-30,2094,181,3658,170,291,122,1,-2
2020-05-29,4195,235,3108,163,262,100,3,2
2020-05-28,4408,304,3332,87,291,119,6,48
2020-05-27,4342,255,3634,112,307,125,5,43
2020-05-26,4557,340,4712,105,301,119,0,0
2020-05-25,1381,107,4822,120,300,119,0,0
2020-05-24,1522,100,3343,170,286,117,1,0
2020-05-23,1734,145,2919,202,278,122,11,15
2020-05-22,3647,209,3182,104,269,127,7,27
2020-05-21,3388,218,3280,95,262,119,14,18
2020-05-20,3683,243,3328,240,275,120,10,1
2020-05-19,3138,193,3925,58,269,116,0,52
2020-05-18,3230,254,3477,46,263,111,0,0
2020-05-17,993,73,2718,147,267,117,2,0
2020-05-16,1517,146,2311,87,251,103,2,31
2020-05-15,2907,201,2535,145,250,110,4,23
2020-05-14,2078,167,2907,216,259,102,0,7
2020-05-13,2660,174,2794,152,257,105,3,26
2020-05-12,2728,190,3126,54,263,88,1,37
2020-05-11,2641,175,2660,53,232,85,0,0
2020-05-10,980,52,3168,115,230,81,2,0
2020-05-09,1167,120,2371,141,228,85,3,21
2020-05-08,2587,217,1526,139,222,77,5,45
2020-05-07,2184,192,1029,84,222,78,1,3
2020-05-06,2242,216,1581,123,216,71,4,17
2020-05-05,2100,142,2580,66,210,70,4,22
2020-05-04,2108,183,2128,84,214,71,5,14
2020-05-03,865,76,2107,102,218,66,0,25
2020-05-02,1203,78,2134,90,215,64,2,7
2020-05-01,2696,152,1657,149,218,62,5,8
2020-04-30,1712,164,1580,122,214,74,1,9
2020-04-29,1832,148,1696,100,211,76,2,25
2020-04-28,1872,181,2054,32,203,75,3,13
2020-04-27,1646,175,1784,48,189,76,0,3
2020-04-26,606,65,2195,98,180,73,1,15
2020-04-25,928,81,2183,118,177,74,2,21
2020-04-24,1530,122,1807,30,175,68,0,0
2020-04-23,1419,102,1459,67,170,75,2,6
2020-04-22,1268,145,1648,66,172,73,1,12
2020-04-21,1161,84,2069,24,179,77,0,7
2020-04-20,1256,82,1541,36,172,73,1,4
2020-04-19,431,35,1610,68,162,73,0,23
2020-04-18,680,42,1342,56,157,64,4,14
2020-04-17,1104,99,1051,72,160,58,3,9
2020-04-16,970,90,1160,50,152,55,3,9
2020-04-15,1111,126,1200,83,156,73,3,2
2020-04-14,834,71,1380,21,147,57,0,0
2020-04-13,895,82,1248,7,149,54,0,0
2020-04-12,313,24,1342,49,138,63,1,0
2020-04-11,446,31,1143,80,144,44,1,1
2020-04-10,889,77,744,57,139,69,0,0
2020-04-09,729,100,790,63,146,45,0,0
2020-04-08,808,86,889,89,153,49,2,0
2020-04-07,826,73,1038,40,143,71,1,0
2020-04-06,810,64,1079,49,145,73,0,0
2020-04-05,327,34,1010,47,144,70,0,1
2020-04-04,449,49,753,70,143,70,1,0
2020-04-03,841,71,494,55,131,66,0,0
2020-04-02,789,55,605,54,129,67,3,1
2020-04-01,989,97,899,104,117,50,3,0
2020-03-31,791,93,951,38,,,3,0
2020-03-30,876,75,765,33,,,0,0
2020-03-29,276,36,969,24,,,0,0
2020-03-28,453,66,753,79,,,1,0
2020-03-27,726,74,510,66,,,2,0
2020-03-26,618,72,629,64,,,0,0
2020-03-25,703,75,730,36,,,0,0
2020-03-24,780,77,894,25,,,1,0
2020-03-23,773,65,1176,28,,,0,0
2020-03-22,255,28,1078,17,,,0,0
2020-03-21,323,27,640,13,,,0,0
2020-03-20,916,70,729,12,,,0,0
2020-03-19,668,59,748,10,,,0,0
2020-03-18,733,35,917,12,,,,0
2020-03-17,692,48,782,7,,,,0
2020-03-16,562,40,926,5,,,,0
2020-03-15,191,18,575,3,,,,0
2020-03-14,230,17,498,8,,,,0
2020-03-13,279,28,333,0,,,,0
2020-03-12,208,12,846,0,,,,0
2020-03-11,92,6,437,1,,,,0
2020-03-10,66,4,430,0,,,,0
2020-03-09,53,2,229,1,,,,0
2020-03-08,19,4,245,0,,,,0
2020-03-07,248,18,145,0,,,,0
2020-03-06,32,0,136,1,,,,0
2020-03-05,32,0,92,0,,,,0
2020-03-04,36,1,118,0,,,,0
2020-03-03,4,0,83,2,,,,0
2020-03-02,12,4,73,0,,,,0
2020-03-01,3,0,45,0,,,,0
2020-02-29,12,2,56,0,,,,0
2020-02-28,12,0,41,0,,,,0
2020-02-27,6,0,0,0,,,,0
2020-02-26,0,0,0,0,,,,0
2020-02-25,1,0,47,0,,,,0
2020-02-24,1,0,26,0,,,,0
2020-02-23,1,0,0,0,,,,0
2020-02-22,20,0,14,0,,,,0
2020-02-21,1,0,15,0,,,,0
2020-02-20,1,1,0,0,,,,0
2020-02-19,0,0,0,0,,,,0
2020-02-18,0,0,7,0,,,,0
2020-02-17,0,0,4,0,,,,0
2020-02-16,0,0,0,0,,,,0
2020-02-15,27,0,0,0,,,,0
2020-02-14,0,0,0,0,,,,0
2020-02-13,2,0,0,0,,,,0
2020-02-12,0,0,0,0,,,,0
2020-02-11,2,0,0,0,,,,0
2020-02-10,0,0,5,0,,,,0
2020-02-09,7,1,26,0,,,,0
2020-02-08,1,0,8,0,,,,0
2020-02-07,0,0,0,0,,,,0
2020-02-06,6,1,0,0,,,,0
2020-02-05,12,0,0,0,,,,0
2020-02-04,9,0,7,0,,,,0
2020-02-03,13,0,3,0,,,,0
2020-02-02,6,0,0,0,,,,0
2020-02-01,9,0,0,1,,,,0
2020-01-31,9,0,15,,,,,
2020-01-30,9,1,0,,,,,
2020-01-29,12,1,0,,,,,
2020-01-28,3,0,2,,,,,
2020-01-27,6,0,0,,,,,
2020-01-26,6,0,3,,,,,
2020-01-25,17,2,1,,,,,
2020-01-24,2,0,0,,,,,
2020-01-23,0,0,0,,,,,
2020-01-22,4,2,0,0,,,,0
