Date,Virus/ml 7d Avg,Virus/ml,Lab ID,Virus,Units,<- CAL3 | DWRL ->,Virus/ml 7d Avg,Virus/ml,Virus,Units
2023-08-30,,,,,,,561.4786666666666,342.496,342496,
2023-08-29,,,,,,,630.6733333333333,,,
2023-08-28,,,,,,,630.6733333333333,1078.948,1078948,
2023-08-27,,,,,,,420.4803333333334,262.992,262992,
2023-08-26,,,,,,,511.64766666666674,,,
2023-08-25,,,,,,,511.64766666666674,,,
2023-08-24,,,,,,,511.64766666666674,,,
2023-08-23,,,,,,,521.99075,550.08,550080,
2023-08-22,,,,,,,512.6276666666666,,,
2023-08-21,,,,,,,512.6276666666666,448.369,448369,
2023-08-20,,,,,,,486.7326666666667,536.494,536494,
2023-08-19,,,,,,,405.0523333333333,,,
2023-08-18,,,,,,,405.0523333333333,,,
2023-08-17,,,,,,,405.0523333333333,553.02,553020,
2023-08-16,,,,,,,331.0685,,,
2023-08-15,,,,,,,365.872,,,
2023-08-14,,,,,,,365.872,370.684,370684,
2023-08-13,,,,,,,327.98566666666665,291.453,291453,
2023-08-12,,,,,,,368.6613333333333,,,
2023-08-11,,,,,,,368.6613333333333,,,
2023-08-10,,,,,,,368.6613333333333,,,
2023-08-09,,,,,,,368.6613333333333,435.479,435479,
2023-08-08,,,,,,,385.9273333333333,,,
2023-08-07,,,,,,,385.9273333333333,257.025,257025,
2023-08-06,,,,,,,390.47433333333333,413.48,413480,
2023-08-05,,,,,,,340.83666666666664,,,
2023-08-04,,,,,,,340.83666666666664,,,
2023-08-03,,,,,,,340.83666666666664,,,
2023-08-02,,,,,,,340.83666666666664,487.277,487277,
2023-08-01,,,,,,,251.14499999999998,,,
2023-07-31,,,,,,,251.14499999999998,270.666,270666,
2023-07-30,,,,,,,230.0533333333333,264.567,264567,
2023-07-29,,,,,,,206.76699999999997,,,
2023-07-28,,,,,,,206.76699999999997,,,
2023-07-27,,,,,,,206.76699999999997,,,
2023-07-26,,,,,,,206.76699999999997,218.202,218202,
2023-07-25,,,,,,,215.62233333333333,,,
2023-07-24,,,,,,,215.62233333333333,207.391,207391,
2023-07-23,,,,,,,202.89533333333335,194.708,194708,
2023-07-22,,,,,,,194.47833333333332,,,
2023-07-21,,,,,,,194.47833333333332,,,
2023-07-20,,,,,,,194.47833333333332,,,
2023-07-19,,,,,,,194.47833333333332,244.768,244768,
2023-07-18,,,,,,,164.36800000000002,,,
2023-07-17,,,,,,,164.36800000000002,169.21,169210,
2023-07-16,,,,,,,150.87800000000001,169.457,169457,
2023-07-15,,,,,,,160.74266666666668,,,
2023-07-14,,,,,,,160.74266666666668,,,
2023-07-13,,,,,,,160.74266666666668,,,
2023-07-12,,,,,,,160.74266666666668,154.437,154437,
2023-07-11,,,,,,,177.16833333333332,,,
2023-07-10,,,,,,,177.16833333333332,128.74,128740,
2023-07-09,,,,,,,190.3663333333333,199.051,199051,
2023-07-08,,,,,,,157.36833333333334,,,
2023-07-07,,,,,,,157.36833333333334,,,
2023-07-06,,,,,,,157.36833333333334,,,
2023-07-05,,,,,,,157.36833333333334,203.714,203714,
2023-07-04,,,,,,,144.15200000000002,,,
2023-07-03,,,,,,,144.15200000000002,168.334,168334,
2023-07-02,,,,,,,132.078,100.057,100057,
2023-07-01,,,,,,,143.34366666666668,,,
2023-06-30,,,,,,,143.34366666666668,,,
2023-06-29,,,,,,,143.34366666666668,,,
2023-06-28,,,,,,,143.34366666666668,164.065,164065,
2023-06-27,,,,,,,132.53833333333333,,,
2023-06-26,,,,,,,132.53833333333333,132.112,132112,
2023-06-25,,,,,,,122.60533333333335,133.854,133854,
2023-06-24,,,,,,,124.70533333333333,,,
2023-06-23,,,,,,,124.70533333333333,,,
2023-06-22,,,,,,,124.70533333333333,,,
2023-06-21,,,,,,,124.70533333333333,131.649,131649,
2023-06-20,,,,,,,121.565,,,
2023-06-19,,,,,,,121.565,102.313,102313,
2023-06-18,,,,,,,135.83466666666666,140.154,140154,
2023-06-17,,,,,,,117.90066666666667,,,
2023-06-16,,,,,,,117.90066666666667,,,
2023-06-15,,,,,,,117.90066666666667,,,
2023-06-14,,,,,,,117.90066666666667,122.228,122228,
2023-06-13,,,,,,,122.39733333333334,,,
2023-06-12,,,,,,,122.39733333333334,145.122,145122,
2023-06-11,,,,,,,111.035,86.352,86352,
2023-06-10,,,,,,,146.089,,,
2023-06-09,,,,,,,146.089,,,
2023-06-08,,,,,,,146.089,,,
2023-06-07,,,,,,,146.089,135.718,135718,
2023-06-06,,,,,,,148.56400000000002,,,
2023-06-05,,,,,,,148.56400000000002,,,
2023-06-04,,,,,,,137.205,156.46,156460,
2023-06-03,,,,,,,127.5775,,,
2023-06-02,,,,,,,127.5775,,,
2023-06-01,,,,,,,127.5775,,,
2023-05-31,,,,,,,127.5775,140.668,140668,
2023-05-30,,,,,,,297.356,,,
2023-05-29,,,,,,,297.356,114.487,114487,
2023-05-28,,,,,,,279.284,,,
2023-05-27,,,,,,,279.284,,,
2023-05-26,,,,,,,279.284,,,
2023-05-25,,,,,,,279.284,,,
2023-05-24,,,,,,,279.284,480.225,480225,
2023-05-23,,,,,,,108.7485,,,
2023-05-22,,,,,,,108.7485,78.343,78343,
2023-05-21,,,,,,,128.307,,,
2023-05-20,,,,,,,125.915,,,
2023-05-19,,,,,,,125.915,,,
2023-05-18,,,,,,,125.915,,,
2023-05-17,,,,,,,125.915,139.154,139154,
2023-05-16,,,,,,,118.72433333333333,,,
2023-05-15,,,,,,,118.72433333333333,117.46,117460,
2023-05-14,,,,,,,119.77133333333332,121.131,121131,
2023-05-13,,,,,,,121.57633333333332,,,
2023-05-12,,,,,,,121.57633333333332,,,
2023-05-11,,,,,,,121.57633333333332,,,
2023-05-10,,,,,,,121.57633333333332,117.582,117582,
2023-05-09,,,,,,,131.75133333333335,,,
2023-05-08,,,,,,,131.75133333333335,120.601,120601,
2023-05-07,,,,,,,153.578,126.546,126546,
2023-05-06,,,,,,,148.17233333333334,,,
2023-05-05,,,,,,,148.17233333333334,,,
2023-05-04,,,,,,,148.17233333333334,,,
2023-05-03,,,,,,,148.17233333333334,148.107,148107,
2023-05-02,,,,,,,157.00699999999998,,,
2023-05-01,,,,,,,157.00699999999998,186.081,186081,
2023-04-30,,,,,,,131.84333333333333,110.329,110329,
2023-04-29,,,,,,,134.45266666666666,,,
2023-04-28,,,,,,,134.45266666666666,,,
2023-04-27,,,,,,,134.45266666666666,,,
2023-04-26,,,,,,,134.45266666666666,174.611,174611,
2023-04-25,,,,,,,113.27433333333333,,,
2023-04-24,,,,,,,113.27433333333333,110.59,110590,
2023-04-23,,,,,,,109.28933333333333,118.157,118157,
2023-04-22,,,,,,,116.86800000000001,,,
2023-04-21,,,,,,,116.86800000000001,,,
2023-04-20,,,,,,,116.86800000000001,,,
2023-04-19,,,,,,,116.86800000000001,111.076,111076,
2023-04-18,,,,,,,119.07033333333334,,,
2023-04-17,,,,,,,119.07033333333334,98.635,98635,
2023-04-16,,,,,,,129.088,140.893,140893,
2023-04-15,,,,,,,126.654,,,
2023-04-14,,,,,,,126.654,,,
2023-04-13,,,,,,,126.654,,,
2023-04-12,,,,,,,126.654,117.683,117683,
2023-04-11,,,,,,,140.15133333333333,,,
2023-04-10,,,,,,,140.15133333333333,128.688,128688,
2023-04-09,,,,,,,140.90933333333334,133.591,133591,
2023-04-08,,,,,,,138.74366666666666,,,
2023-04-07,,,,,,,138.74366666666666,,,
2023-04-06,,,,,,,138.74366666666666,,,
2023-04-05,,,,,,,138.74366666666666,158.175,158175,
2023-04-04,,,,,,,146.36933333333332,,,
2023-04-03,,,,,,,146.36933333333332,130.962,130962,
2023-04-02,,,,,,,142.474,127.094,127094,
2023-04-01,,,,,,,145.20133333333334,,,
2023-03-31,,,,,,,145.20133333333334,,,
2023-03-30,,,,,,,145.20133333333334,,,
2023-03-29,,,,,,,145.20133333333334,181.052,181052,
2023-03-28,,,,,,,130.18633333333335,,,
2023-03-27,,,,,,,130.18633333333335,119.276,119276,
2023-03-26,,,,,,,138.40800000000002,135.276,135276,
2023-03-25,,,,,,,159.58399999999997,,,
2023-03-24,,,,,,,159.58399999999997,,,
2023-03-23,,,,,,,159.58399999999997,,,
2023-03-22,,,,,,,159.58399999999997,136.007,136007,
2023-03-21,,,,,,,178.01533333333336,,,
2023-03-20,,,,,,,178.01533333333336,143.941,143941,
2023-03-19,,,,,,,190.95266666666666,198.804,198804,
2023-03-18,,,,,,,194.75633333333334,,,
2023-03-17,,,,,,,194.75633333333334,,,
2023-03-16,,,,,,,194.75633333333334,,,
2023-03-15,,,,,,,194.75633333333334,191.301,191301,
2023-03-14,,,,,,,224.77266666666665,,,
2023-03-13,,,,,,,224.77266666666665,182.753,182753,
2023-03-12,,,,,,,263.4483333333333,210.215,210215,
2023-03-11,,,,,,,329.086,,,
2023-03-10,,,,,,,329.086,,,
2023-03-09,,,,,,,329.086,,,
2023-03-08,,,,,,,329.086,281.35,281350,
2023-03-07,,,,,,,317.34599999999995,,,
2023-03-06,,,,,,,317.34599999999995,298.78,298780,
2023-03-05,,,,,,,309.03566666666666,407.128,407128,
2023-03-04,,,,,,,257.70700000000005,,,
2023-03-03,,,,,,,257.70700000000005,,,
2023-03-02,,,,,,,257.70700000000005,,,
2023-03-01,,,,,,,257.70700000000005,246.13,246130,
2023-02-28,,,,,,,305.10133333333334,,,
2023-02-27,,,,,,,305.10133333333334,273.849,273849,
2023-02-26,,,,,,,311.998,253.142,253142,
2023-02-25,,,,,,,319.5,,,
2023-02-24,,,,,,,319.5,,,
2023-02-23,,,,,,,319.5,,,
2023-02-22,,,,,,,319.5,388.313,388313,
2023-02-21,,,,,,,297.84633333333335,,,
2023-02-20,,,,,,,297.84633333333335,294.539,294539,
2023-02-19,,,,,,,298.269,275.648,275648,
2023-02-18,,,,,,,307.81199999999995,,,
2023-02-17,,,,,,,307.81199999999995,,,
2023-02-16,,,,,,,307.81199999999995,,,
2023-02-15,,,,,,,307.81199999999995,323.352,323352,
2023-02-14,,,,,,,318.27400000000006,,,
2023-02-13,,,,,,,318.27400000000006,295.807,295807,
2023-02-12,,,,,,,994.592,304.277,304277,
2023-02-11,,,,,,,1018.8193333333332,,,
2023-02-10,,,,,,,1018.8193333333332,,,
2023-02-09,,,,,,,1018.8193333333332,,,
2023-02-08,,,,,,,1018.8193333333332,354.738,354738,
2023-02-07,,,,,,,1018.0253333333334,,,
2023-02-06,,,,,,,1018.0253333333334,2324.761,2324761,
2023-02-05,,,,,,,343.5276666666667,376.959,376959,
2023-02-04,,,,,,,318.926,,,
2023-02-03,,,,,,,318.926,,,
2023-02-02,,,,,,,318.926,,,
2023-02-01,,,,,,,318.926,352.356,352356,
2023-01-31,,,,,,,307.68800000000005,,,
2023-01-30,,,,,,,307.68800000000005,301.268,301268,
2023-01-29,,,,,,,281.39833333333337,303.154,303154,
2023-01-28,,,,,,,240.49299999999997,,,
2023-01-27,,,,,,,240.49299999999997,,,
2023-01-26,,,,,,,240.49299999999997,,,
2023-01-25,,,,,,,240.49299999999997,318.642,318642,
2023-01-24,,,,,,,237.62433333333334,,,
2023-01-23,,,,,,,237.62433333333334,222.399,222399,
2023-01-22,,,,,,,258.3776666666667,180.438,180438,
2023-01-21,,,,,,,278.48566666666665,,,
2023-01-20,,,,,,,278.48566666666665,,,
2023-01-19,,,,,,,278.48566666666665,,,
2023-01-18,,,,,,,278.48566666666665,310.036,310036,
2023-01-17,,,,,,,300.2583333333334,,,
2023-01-16,,,,,,,300.2583333333334,284.659,284659,
2023-01-15,,,,,,,305.95666666666665,240.762,240762,
2023-01-14,,,,,,,338.9183333333333,,,
2023-01-13,,,,,,,338.9183333333333,,,
2023-01-12,,,,,,,338.9183333333333,,,
2023-01-11,,,,,,,338.9183333333333,375.354,375354,
2023-01-10,,,,,,,393.33833333333337,,,
2023-01-09,,,,,,,393.33833333333337,301.754,301754,
2023-01-08,,,,,,,465.57166666666666,339.647,339647,
2023-01-07,,,,,,,581.748,,,
2023-01-06,,,,,,,581.748,,,
2023-01-05,,,,,,,581.748,,,
2023-01-04,217.792,,,,,,581.748,538.614,538614,
2023-01-03,217.792,,,,,,732.8176666666667,,,
2023-01-02,404.9115,,,,,,732.8176666666667,518.454,518454,
2023-01-01,654.1370000000001,,,,,,812.535,688.176,688176,
2022-12-31,654.1370000000001,,,,,,920.3806666666666,,,
2022-12-30,654.1370000000001,,,,,,920.3806666666666,,,
2022-12-29,654.1370000000001,217.792,CAL3,217792,,,920.3806666666666,,,
2022-12-28,1018.0416666666666,,,,,,920.3806666666666,991.823,991823,
2022-12-27,1018.0416666666666,592.031,CAL3,592031,,,899.4963333333334,,,
2022-12-26,1080.5483333333334,1152.588,CAL3,1152588,,,899.4963333333334,757.606,757606,
2022-12-25,1100.7743333333335,,,,,,923.5246666666666,1011.713,1011713,
2022-12-24,1100.7743333333335,,,,,,829.4476666666666,,,
2022-12-23,1100.7743333333335,,,,,,829.4476666666666,,,
2022-12-22,1100.7743333333335,1309.506,CAL3,1309506,,,829.4476666666666,,,
2022-12-21,901.2563333333334,,,,,,829.4476666666666,929.17,929170,
2022-12-20,901.2563333333334,779.551,CAL3,779551,,,997.4016666666666,,,
2022-12-19,754.5666666666667,1213.266,CAL3,1213266,,,997.4016666666666,829.691,829691,
2022-12-18,584.3359999999999,,,,,,931.9213333333333,729.482,729482,
2022-12-17,584.3359999999999,,,,,,1159.9123333333334,,,
2022-12-16,584.3359999999999,,,,,,1159.9123333333334,,,
2022-12-15,584.3359999999999,710.952,CAL3,710952,,,1159.9123333333334,,,
2022-12-14,603.3023333333334,,,,,,1159.9123333333334,1433.032,1433032,
2022-12-13,603.3023333333334,339.482,CAL3,339482,,,879.534,,,
2022-12-12,691.5836666666668,702.574,CAL3,702574,,,879.534,633.25,633250,
2022-12-11,721.493,,,,,,898.6196666666666,1413.455,1413455,
2022-12-10,721.493,,,,,,677.0073333333333,,,
2022-12-09,721.493,,,,,,677.0073333333333,,,
2022-12-08,721.493,767.851,CAL3,767851,,,677.0073333333333,,,
2022-12-07,882.9233333333335,,,,,,677.0073333333333,591.897,591897,
2022-12-06,882.9233333333335,604.326,CAL3,604326,,,823.7803333333333,,,
2022-12-05,1274.7583333333332,792.302,CAL3,792302,,,823.7803333333333,690.507,690507,
2022-12-04,1400.182,,,,,,936.747,748.618,748618,
2022-12-03,1400.182,,,,,,962.2013333333331,,,
2022-12-02,1400.182,,,,,,962.2013333333331,,,
2022-12-01,1400.182,1252.142,CAL3,1252142,,,962.2013333333331,,,
2022-11-30,1269.2996666666666,,,,,,962.2013333333331,1032.216,1032216,
2022-11-29,1269.2996666666666,1779.831,CAL3,1779831,,,906.6223333333334,,,
2022-11-28,885.1356666666667,1168.573,CAL3,1168573,,,906.6223333333334,1029.407,1029407,
2022-11-27,771.134,,,,,,808.442,824.981,824981,
2022-11-26,771.134,,,,,,752.7139999999999,,,
2022-11-25,771.134,,,,,,752.7139999999999,,,
2022-11-24,771.134,859.495,CAL3,859495,,,752.7139999999999,,,
2022-11-23,704.9366666666668,,,,,,752.7139999999999,865.479,865479,
2022-11-22,704.9366666666668,627.339,CAL3,627339,,,649.868,,,
2022-11-21,627.083,826.568,CAL3,826568,,,649.868,734.866,734866,
2022-11-20,881.7040000000001,,,,,,549.2046666666666,657.797,657797,
2022-11-19,881.7040000000001,,,,,,443.93233333333336,,,
2022-11-18,881.7040000000001,,,,,,443.93233333333336,,,
2022-11-17,881.7040000000001,660.903,CAL3,660903,,,443.93233333333336,,,
2022-11-16,782.7103333333334,,,,,,432.61425,556.941,556941,
2022-11-15,782.7103333333334,393.778,CAL3,393778,,,369.53450000000004,,,
2022-11-14,814.1643333333333,1590.431,CAL3,1590431,,,369.53450000000004,432.876,432876,
2022-11-13,426.031,,,,,,367.24675,341.98,341980,
2022-11-12,426.031,,,,,,343.80025,,,
2022-11-11,426.031,,,,,,343.80025,,,
2022-11-10,426.031,363.922,CAL3,363922,,,343.80025,398.66,398660,
2022-11-09,426.7405,,,,,,325.51366666666667,304.622,304622,
2022-11-08,426.7405,488.14,CAL3,488140,,,311.4653333333333,,,
2022-11-07,286.54200000000003,,,,,,311.4653333333333,423.725,423725,
2022-11-06,284.1816666666667,,,,,,240.6773333333333,248.194,248194,
2022-11-05,284.1816666666667,,,,,,220.6903333333333,,,
2022-11-04,284.1816666666667,,,,,,220.6903333333333,,,
2022-11-03,284.1816666666667,365.341,CAL3,365341,,,220.6903333333333,,,
2022-11-02,194.242,,,,,,220.6903333333333,262.477,262477,
2022-11-01,194.242,207.743,CAL3,207743,,,182.12,,,
2022-10-31,154.48833333333334,279.461,CAL3,279461,,,182.12,211.361,211361,
2022-10-30,94.76,,,,,,159.49366666666666,188.233,188233,
2022-10-29,94.76,,,,,,148.58366666666666,,,
2022-10-28,94.76,,,,,,148.58366666666666,,,
2022-10-27,94.76,95.522,CAL3,95522,,,148.58366666666666,,,
2022-10-26,133.356,,,,,,148.58366666666666,146.766,146766,
2022-10-25,133.356,88.482,CAL3,88482,,,170.10933333333332,,,
2022-10-24,139.727,100.276,CAL3,100276,,,170.10933333333332,143.482,143482,
2022-10-23,141.46366666666665,,,,,,150.70466666666667,155.503,155503,
2022-10-22,141.46366666666665,,,,,,143.895,,,
2022-10-21,141.46366666666665,,,,,,143.895,,,
2022-10-20,141.46366666666665,211.31,CAL3,211310,,,143.895,,,
2022-10-19,112.997,,,,,,143.895,211.343,211343,
2022-10-18,112.997,107.595,CAL3,107595,,,155.683,,,
2022-10-17,101.75933333333334,105.486,CAL3,105486,,,155.683,85.268,85268,
2022-10-16,119.47700000000002,,,,,,245.63700000000003,135.074,135074,
2022-10-15,119.47700000000002,,,,,,519.0723333333334,,,
2022-10-14,119.47700000000002,,,,,,519.0723333333334,,,
2022-10-13,119.47700000000002,125.91,CAL3,125910,,,519.0723333333334,,,
2022-10-12,128.79366666666667,,,,,,519.0723333333334,246.707,246707,
2022-10-11,128.79366666666667,73.882,CAL3,73882,,,487.31666666666666,,,
2022-10-10,136.59900000000002,158.639,CAL3,158639,,,487.31666666666666,355.13,355130,
2022-10-09,111.54933333333334,,,,,,411.433,955.38,955380,
2022-10-08,111.54933333333334,,,,,,137.38233333333332,,,
2022-10-07,111.54933333333334,,,,,,137.38233333333332,,,
2022-10-06,111.54933333333334,153.86,CAL3,153860,,,137.38233333333332,,,
2022-10-05,134.28166666666667,,,,,,137.38233333333332,151.44,151440,
2022-10-04,134.28166666666667,97.298,CAL3,97298,,,284.164,,,
2022-10-03,132.88333333333333,83.49,CAL3,83490,,,284.164,127.479,127479,
2022-10-02,165.10466666666665,,,,,,298.73633333333333,133.228,133228,
2022-10-01,165.10466666666665,,,,,,353.11400000000003,,,
2022-09-30,165.10466666666665,,,,,,353.11400000000003,,,
2022-09-29,165.10466666666665,222.057,CAL3,222057,,,353.11400000000003,,,
2022-09-28,130.34766666666667,,,,,,353.11400000000003,591.785,591785,
2022-09-27,130.34766666666667,93.103,CAL3,93103,,,230.17766666666668,,,
2022-09-26,183.011,180.154,CAL3,180154,,,230.17766666666668,171.196,171196,
2022-09-25,152.65166666666667,,,,,,303.8926666666667,296.361,296361,
2022-09-24,152.65166666666667,,,,,,297.11833333333334,,,
2022-09-23,152.65166666666667,,,,,,297.11833333333334,,,
2022-09-22,152.65166666666667,117.786,CAL3,117786,,,297.11833333333334,,,
2022-09-21,152.40533333333335,,,,,,297.11833333333334,222.976,222976,
2022-09-20,152.40533333333335,251.093,CAL3,251093,,,307.82800000000003,,,
2022-09-19,110.40366666666667,89.076,CAL3,89076,,,307.82800000000003,392.341,392341,
2022-09-18,245.8226666666667,,,,,,238.09766666666667,276.038,276038,
2022-09-17,245.8226666666667,,,,,,213.37599999999998,,,
2022-09-16,245.8226666666667,,,,,,213.37599999999998,,,
2022-09-15,245.8226666666667,117.047,CAL3,117047,,,213.37599999999998,,,
2022-09-14,251.4236666666667,,,,,,213.37599999999998,255.105,255105,
2022-09-13,251.4236666666667,125.088,CAL3,125088,,,204.03566666666666,,,
2022-09-12,247.21733333333336,495.333,CAL3,495333,,,204.03566666666666,183.15,183150,
2022-09-11,166.31566666666666,,,,,,214.36133333333336,201.873,201873,
2022-09-10,166.31566666666666,,,,,,229.8356666666667,,,
2022-09-09,166.31566666666666,,,,,,229.8356666666667,,,
2022-09-08,166.31566666666666,133.85,CAL3,133850,,,229.8356666666667,,,
2022-09-07,180.92366666666666,,,,,,229.8356666666667,227.084,227084,
2022-09-06,180.92366666666666,112.469,CAL3,112469,,,254.5566666666667,,,
2022-09-05,205.215,252.628,CAL3,252628,,,254.5566666666667,214.127,214127,
2022-09-04,236.54166666666666,,,,,,281.54,248.296,248296,
2022-09-03,236.54166666666666,,,,,,306.30300000000005,,,
2022-09-02,236.54166666666666,,,,,,306.30300000000005,,,
2022-09-01,236.54166666666666,177.674,CAL3,177674,,,306.30300000000005,,,
2022-08-31,306.48466666666667,,,,,,306.30300000000005,301.247,301247,
2022-08-30,306.48466666666667,185.343,CAL3,185343,,,334.135,,,
2022-08-29,323.835,346.608,CAL3,346608,,,334.135,295.077,295077,
2022-08-28,355.92366666666663,,,,,,386.18533333333335,322.585,322585,
2022-08-27,355.92366666666663,,,,,,388.85699999999997,,,
2022-08-26,355.92366666666663,,,,,,388.85699999999997,,,
2022-08-25,355.92366666666663,387.503,CAL3,387503,,,388.85699999999997,,,
2022-08-24,356.24333333333334,,,,,,388.85699999999997,384.743,384743,
2022-08-23,356.24333333333334,237.394,CAL3,237394,,,459.57266666666663,,,
2022-08-22,365.45266666666663,442.874,CAL3,442874,,,459.57266666666663,451.228,451228,
2022-08-21,382.48566666666665,,,,,,565.9603333333333,330.6,330600,
2022-08-20,382.48566666666665,,,,,,584.1066666666667,,,
2022-08-19,382.48566666666665,,,,,,584.1066666666667,,,
2022-08-18,382.48566666666665,388.462,CAL3,388462,,,584.1066666666667,,,
2022-08-17,341.0523333333333,,,,,,584.1066666666667,596.89,596890,
2022-08-16,341.0523333333333,265.022,CAL3,265022,,,523.7526666666666,,,
2022-08-15,379.0675,493.973,CAL3,493973,,,523.7526666666666,770.391,770391,
2022-08-14,284.63199999999995,,,,,,599.1416666666667,385.039,385039,
2022-08-13,284.63199999999995,,,,,,639.7223333333333,,,
2022-08-12,284.63199999999995,,,,,,639.7223333333333,,,
2022-08-11,284.63199999999995,264.162,CAL3,264162,,,639.7223333333333,,,
2022-08-10,377.8645,,,,,,639.7223333333333,415.828,415828,
2022-08-09,377.8645,,,,,,742.6023333333333,,,
2022-08-08,351.55400000000003,305.102,CAL3,305102,,,742.6023333333333,996.558,996558,
2022-08-07,414.9273333333333,,,,,,593.886,506.781,506781,
2022-08-06,414.9273333333333,,,,,,574.6086666666666,,,
2022-08-05,414.9273333333333,,,,,,574.6086666666666,,,
2022-08-04,414.9273333333333,450.627,CAL3,450627,,,574.6086666666666,,,
2022-08-03,434.1116666666667,,,,,,574.6086666666666,724.468,724468,
2022-08-02,434.1116666666667,298.933,CAL3,298933,,,495.36999999999995,,,
2022-08-01,467.35699999999997,495.222,CAL3,495222,,,495.36999999999995,550.409,550409,
2022-07-31,1406.8936666666666,,,,,,591.5096666666667,448.949,448949,
2022-07-30,1406.8936666666666,,,,,,725.6206666666667,,,
2022-07-29,1406.8936666666666,,,,,,725.6206666666667,,,
2022-07-28,1406.8936666666666,508.18,CAL3,508180,,,725.6206666666667,,,
2022-07-27,1483.3633333333335,,,,,,725.6206666666667,486.752,486752,
2022-07-26,1483.3633333333335,398.669,CAL3,398669,,,855.9066666666668,,,
2022-07-25,1587.1006666666665,3313.832,CAL3,3313832,,,855.9066666666668,838.828,838828,
2022-07-24,651.6103333333334,,,,,,860.9203333333334,851.282,851282,
2022-07-23,651.6103333333334,,,,,,887.1483333333334,,,
2022-07-22,651.6103333333334,,,,,,887.1483333333334,,,
2022-07-21,651.6103333333334,737.589,CAL3,737589,,,887.1483333333334,,,
2022-07-20,628.0806666666666,,,,,,887.1483333333334,877.61,877610,
2022-07-19,628.0806666666666,709.881,CAL3,709881,,,998.4306666666668,,,
2022-07-18,726.91,507.361,CAL3,507361,,,998.4306666666668,853.869,853869,
2022-07-17,848.5070000000001,,,,,,1074.6266666666668,929.966,929966,
2022-07-16,848.5070000000001,,,,,,1089.0330000000001,,,
2022-07-15,848.5070000000001,,,,,,1089.0330000000001,,,
2022-07-14,848.5070000000001,667.0,CAL3,667000,,,1089.0330000000001,,,
2022-07-13,756.0250000000001,,,,,,1089.0330000000001,1211.457,1211457,
2022-07-12,756.0250000000001,1006.369,CAL3,1006369,,,1032.2833333333333,,,
2022-07-11,1375.1673333333335,872.152,CAL3,872152,,,1032.2833333333333,1082.457,1082457,
2022-07-10,2776.0676666666664,,,,,,966.9906666666666,973.185,973185,
2022-07-09,2776.0676666666664,,,,,,695.8063333333333,,,
2022-07-08,2776.0676666666664,,,,,,695.8063333333333,,,
2022-07-07,2776.0676666666664,389.554,CAL3,389554,,,695.8063333333333,,,
2022-07-06,5278.657999999999,,,,,,695.8063333333333,1041.208,1041208,
2022-07-05,5278.657999999999,2863.796,CAL3,2863796,,,402.60266666666666,,,
2022-07-04,4443.375333333333,5074.853,CAL3,5074853,,,402.60266666666666,886.579,886579,
2022-07-03,3131.985666666666,,,,,,164.80300000000003,159.632,159632,
2022-07-02,3131.985666666666,,,,,,420.646,,,
2022-07-01,3131.985666666666,,,,,,420.646,,,
2022-06-30,3131.985666666666,7897.325,CAL3,7897325,,,420.646,,,
2022-06-29,749.316,,,,,,420.646,161.597,161597,
2022-06-28,749.316,357.948,CAL3,357948,,,407.94199999999995,,,
2022-06-27,1047.1325,1140.684,CAL3,1140684,,,407.94199999999995,173.18,173180,
2022-06-26,736.6225,,,,,,614.7866666666667,927.161,927161,
2022-06-25,736.6225,,,,,,500.7533333333334,,,
2022-06-24,736.6225,,,,,,500.7533333333334,,,
2022-06-23,736.6225,,,,,,500.7533333333334,,,
2022-06-22,714.0973333333333,,,,,,500.7533333333334,123.485,123485,
2022-06-21,714.0973333333333,953.581,CAL3,953581,,,751.5720000000001,,,
2022-06-20,508.20700000000005,519.664,CAL3,519664,,,751.5720000000001,793.714,793714,
2022-06-19,988.1926666666668,,,,,,732.0923333333334,585.061,585061,
2022-06-18,988.1926666666668,,,,,,741.5816666666666,,,
2022-06-17,988.1926666666668,,,,,,741.5816666666666,,,
2022-06-16,988.1926666666668,669.047,CAL3,669047,,,741.5816666666666,,,
2022-06-15,1744.3790000000001,,,,,,741.5816666666666,875.941,875941,
2022-06-14,1744.3790000000001,335.91,CAL3,335910,,,645.6883333333334,,,
2022-06-13,3103.972666666667,1959.621,CAL3,1959621,,,645.6883333333334,735.275,735275,
2022-06-12,3298.9420000000005,,,,,,405.45166666666665,613.529,613529,
2022-06-11,3298.9420000000005,,,,,,205.764,,,
2022-06-10,3298.9420000000005,,,,,,205.764,,,
2022-06-09,3298.9420000000005,2937.606,CAL3,2937606,,,205.764,,,
2022-06-08,3123.7776666666664,,,,,,205.764,588.261,588261,
2022-06-07,3123.7776666666664,4414.691,CAL3,4414691,,,14.808666666666667,,,
2022-06-06,2333.0213333333336,2544.529,CAL3,2544529,,,14.808666666666667,14.565,14565,
2022-06-05,2468.94,,,,,,14.102666666666664,14.466,14466,
2022-06-04,2468.94,,,,,,12.950666666666665,,,
2022-06-03,2468.94,,,,,,12.950666666666665,,,
2022-06-02,2468.94,2412.113,CAL3,2412113,,,12.950666666666665,,,
2022-06-01,3196.5866666666666,,,,,,12.950666666666665,15.395,15395,
2022-05-31,3196.5866666666666,2042.422,CAL3,2042422,,,12.860333333333335,,,
2022-05-30,3362.6656666666663,2952.285,CAL3,2952285,,,12.860333333333335,12.447,12447,
2022-05-29,3093.827333333333,,,,,,11.699333333333334,11.01,11010,
2022-05-28,3093.827333333333,,,,,,11.095333333333334,,,
2022-05-27,3093.827333333333,,,,,,11.095333333333334,,,
2022-05-26,3093.827333333333,4595.053,CAL3,4595053,,,11.095333333333334,,,
2022-05-25,2524.672,,,,,,11.095333333333334,15.124,15124,
2022-05-24,2524.672,2540.659,CAL3,2540659,,,11.512666666666666,,,
2022-05-23,2500.4590000000003,2145.77,CAL3,2145770,,,11.512666666666666,8.964,8964,
2022-05-22,2291.4996666666666,,,,,,9.951,9.198,9198,
2022-05-21,2291.4996666666666,,,,,,7.855,,,
2022-05-20,2291.4996666666666,,,,,,7.855,,,
2022-05-19,2291.4996666666666,2887.587,CAL3,2887587,,,7.855,,,
2022-05-18,1594.1423333333335,,,,,,7.855,16.376,16376,
2022-05-17,1594.1423333333335,2468.02,CAL3,2468020,,,3.5523333333333333,,,
2022-05-16,885.3796666666667,1518.892,CAL3,1518892,,,3.5523333333333333,4.279,4279,
2022-05-15,641.8656666666667,,,,,,3.6596666666666664,2.91,2910,
2022-05-14,641.8656666666667,,,,,,4.061,,,
2022-05-13,641.8656666666667,,,,,,4.061,,,
2022-05-12,641.8656666666667,795.515,CAL3,795515,,,4.061,,,
2022-05-11,2197.9143333333336,,,,,,4.061,3.468,3468,
2022-05-10,2197.9143333333336,341.732,CAL3,341732,,,4.468,,,
2022-05-09,2645.3700000000003,788.35,CAL3,788350,,,4.468,4.601,4601,
2022-05-08,2800.8410000000003,,,,,,3.406333333333334,4.114,4114,
2022-05-07,2800.8410000000003,,,,,,3.5396666666666667,,,
2022-05-06,2800.8410000000003,,,,,,3.5396666666666667,,,
2022-05-05,2800.8410000000003,5463.661,CAL3,5463661,,,3.5396666666666667,,,
2022-05-04,1375.5153333333335,,,,,,3.5396666666666667,4.689,4689,
2022-05-03,1375.5153333333335,1684.099,CAL3,1684099,,,2.981,,,
2022-05-02,1221.2235,1254.763,CAL3,1254763,,,2.981,1.416,1416,
2022-05-01,2542.707,,,,,,3.4286666666666665,4.514,4514,
2022-04-30,2542.707,,,,,,2.555,,,
2022-04-29,2542.707,,,,,,2.555,,,
2022-04-28,2542.707,1187.684,CAL3,1187684,,,2.555,,,
2022-04-27,3549.268,,,,,,2.555,3.013,3013,
2022-04-26,3549.268,,,,,,2.388666666666667,,,
2022-04-25,3215.2810000000004,3897.73,CAL3,3897730,,,2.388666666666667,2.759,2759,
2022-04-24,2822.5446666666667,,,,,,7.0,1.893,1893,
2022-04-23,2822.5446666666667,,,,,,41.583666666666666,,,
2022-04-22,2822.5446666666667,,,,,,41.583666666666666,,,
2022-04-21,2822.5446666666667,3200.806,CAL3,3200806,,,41.583666666666666,,,
2022-04-20,2505.217,,,,,,41.583666666666666,2.514,2514,
2022-04-19,2505.217,2547.307,CAL3,2547307,,,42.576,,,
2022-04-18,2096.049,2719.521,CAL3,2719521,,,42.576,16.593,16593,
2022-04-17,2172.132666666667,,,,,,37.496,105.644,105644,
2022-04-16,2172.132666666667,,,,,,2.788,,,
2022-04-15,2172.132666666667,,,,,,2.788,,,
2022-04-14,2172.132666666667,2248.823,CAL3,2248823,,,2.788,,,
2022-04-13,2174.5353333333333,,,,,,2.788,5.491,5491,
2022-04-12,2174.5353333333333,1319.803,CAL3,1319803,,,2.187666666666667,,,
2022-04-11,2852.6006666666667,2947.772,CAL3,2947772,,,2.187666666666667,1.353,1353,
2022-04-10,2768.443333333333,,,,,,2.8859999999999997,1.52,1520,
2022-04-09,2768.443333333333,,,,,,2.514,,,
2022-04-08,2768.443333333333,,,,,,2.514,,,
2022-04-07,2768.443333333333,2256.031,CAL3,2256031,,,2.514,,,
2022-04-06,2043.3756666666668,,,,,,2.514,3.69,3690,
2022-04-05,2043.3756666666668,3353.999,CAL3,3353999,,,2.529333333333333,,,
2022-04-04,932.109,2695.3,CAL3,2695300,,,2.529333333333333,3.448,3448,
2022-04-03,604.509,,,,,,2.5543333333333336,0.404,404,
2022-04-02,604.509,,,,,,2.7070000000000003,,,
2022-04-01,604.509,,,,,,2.7070000000000003,,,
2022-03-31,604.509,80.828,CAL3,80828,,,2.7070000000000003,,,
2022-03-30,978.2536666666666,,,,,,2.7070000000000003,3.736,3736,
2022-03-29,978.2536666666666,20.199,CAL3,20199,,,1.9096666666666666,,,
2022-03-28,1457.281,1712.5,CAL3,1712500,,,1.9096666666666666,3.523,3523,
2022-03-27,1441.706,,,,,,1.8666666666666665,0.862,862,
2022-03-26,1441.706,,,,,,2.5453333333333337,,,
2022-03-25,1441.706,,,,,,2.5453333333333337,,,
2022-03-24,1441.706,1202.062,CAL3,1202062,,,2.5453333333333337,,,
2022-03-23,1796.311,,,,,,2.5453333333333337,1.344,1344,
2022-03-22,1796.311,,,,,,2.5616666666666665,,,
2022-03-21,1796.311,1681.35,CAL3,1681350,,,2.5616666666666665,3.394,3394,
2022-03-20,1662.5145,,,,,,2.2426666666666666,2.898,2898,
2022-03-19,1662.5145,,,,,,2.124,,,
2022-03-18,1662.5145,,,,,,2.124,,,
2022-03-17,1662.5145,1911.272,CAL3,1911272,,,2.124,,,
2022-03-16,1480.287,,,,,,2.124,1.393,1393,
2022-03-15,1480.287,,,,,,2.7853333333333326,,,
2022-03-14,1293.488,1413.757,CAL3,1413757,,,2.7853333333333326,2.437,2437,
2022-03-13,1055.6786666666667,,,,,,2.888333333333333,2.542,2542,
2022-03-12,1055.6786666666667,,,,,,3.0689999999999995,,,
2022-03-11,1055.6786666666667,,,,,,3.0689999999999995,,,
2022-03-10,1563.6480000000001,1546.817,CAL3,1546817,,,3.0689999999999995,,,
2022-03-09,1569.2583333333332,,,,,,2.5062499999999996,3.377,3377,
2022-03-08,1675.22325,919.89,CAL3,919890,,,2.2159999999999997,,,
2022-03-07,1927.0010000000002,700.329,CAL3,700329,,,2.02275,2.746,2746,
2022-03-06,2299.5273333333334,,,,,,1.781666666666667,3.084,3084,
2022-03-05,2299.5273333333334,,,,,,4.818666666666666,,,
2022-03-04,2299.5273333333334,3087.556,CAL3,3087556,,,4.818666666666666,,,
2022-03-03,2011.3523333333333,,,,,,4.818666666666666,0.818,818,
2022-03-02,2011.3523333333333,1993.118,CAL3,1993118,,,8.732,,,
2022-03-01,1793.54,,,,,,8.732,1.443,1443,
2022-02-28,1729.75625,1817.908,CAL3,1817908,,,8.700666666666667,,,
2022-02-27,1700.3723333333335,,,,,,8.21825,12.195,12195,
2022-02-26,1700.3723333333335,,,,,,6.892666666666667,,,
2022-02-25,1700.3723333333335,2223.031,CAL3,2223031,,,6.892666666666667,,,
2022-02-24,2023.8023333333333,,,,,,6.892666666666667,12.558,12558,
2022-02-23,2023.8023333333333,1339.681,CAL3,1339681,,,3.7886666666666664,,,
2022-02-22,2074.2526666666668,1538.405,CAL3,1538405,,,3.7886666666666664,1.349,1349,
2022-02-21,2342.1765,,,,,,3.779666666666666,6.771,6771,
2022-02-20,2622.77,,,,,,2.284,,,
2022-02-19,2622.77,,,,,,3.5893333333333337,,,
2022-02-18,2622.77,3193.321,CAL3,3193321,,,3.5893333333333337,,,
2022-02-17,3437.1276666666668,,,,,,3.5893333333333337,3.246,3246,
2022-02-16,3437.1276666666668,1491.032,CAL3,1491032,,,4.129666666666666,,,
2022-02-15,4448.781333333333,,,,,,4.129666666666666,1.322,1322,
2022-02-14,4448.781333333333,3183.957,CAL3,3183957,,,4.076666666666667,,,
2022-02-13,4568.884,,,,,,4.076666666666667,6.2,6200,
2022-02-12,4568.884,,,,,,3.2593333333333336,,,
2022-02-11,4568.884,5636.394,CAL3,5636394,,,3.2593333333333336,,,
2022-02-10,4477.334333333333,,,,,,3.2593333333333336,4.867,4867,
2022-02-09,4477.334333333333,4525.993,CAL3,4525993,,,4.218333333333334,,,
2022-02-08,4456.21,,,,,,4.218333333333334,1.163,1163,
2022-02-07,4456.21,3544.265,CAL3,3544265,,,5.250333333333334,,,
2022-02-06,3970.67,,,,,,5.250333333333334,3.748,3748,
2022-02-05,3970.67,,,,,,5.712,,,
2022-02-04,3970.67,5361.745,CAL3,5361745,,,5.712,,,
2022-02-03,2379.888333333333,,,,,,5.712,7.744,7744,
2022-02-02,2379.888333333333,4462.62,CAL3,4462620,,,7.87,,,
2022-02-01,3444.876666666667,,,,,,7.87,4.259,4259,
2022-01-31,3444.876666666667,2087.645,CAL3,2087645,,,10.860999999999999,,,
2022-01-30,5374.426666666667,,,,,,10.860999999999999,5.133,5133,
2022-01-29,5374.426666666667,,,,,,30.59566666666667,,,
2022-01-28,5374.426666666667,589.4,CAL3,589400,,,30.59566666666667,,,
2022-01-27,9725.887,,,,,,30.59566666666667,14.218,14218,
2022-01-26,9725.887,7657.585,CAL3,7657585,,,42.70633333333333,,,
2022-01-25,11841.994,,,,,,42.70633333333333,13.232,13232,
2022-01-24,11841.994,7876.295,CAL3,7876295,,,53.986,,,
2022-01-23,14878.582,,,,,,53.986,64.337,64337,
2022-01-22,14878.582,,,,,,59.589666666666666,,,
2022-01-21,14878.582,13643.781,CAL3,13643781,,,59.589666666666666,,,
2022-01-20,15808.334666666668,,,,,,59.589666666666666,50.55,50550,
2022-01-19,15808.334666666668,14005.906,CAL3,14005906,,,68.757,,,
2022-01-18,15053.315666666667,,,,,,68.757,47.071,47071,
2022-01-17,15053.315666666667,16986.059,CAL3,16986059,,,73.77033333333333,,,
2022-01-16,18998.062,,,,,,73.77033333333333,81.148,81148,
2022-01-15,18998.062,,,,,,64.783,,,
2022-01-14,18998.062,16433.039,CAL3,16433039,,,64.783,,,
2022-01-13,23449.75833333333,,,,,,64.783,78.052,78052,
2022-01-12,23449.75833333333,11740.849,CAL3,11740849,,,73.44966666666666,,,
2022-01-11,28406.26833333333,,,,,,88.8945,62.111,62111,
2022-01-10,28406.26833333333,28820.298,CAL3,28820298,,,97.82233333333333,,,
2022-01-09,25420.177,,,,,,97.82233333333333,54.186,54186,
2022-01-08,25420.177,,,,,,119.6405,,,
2022-01-07,25420.177,29788.128,CAL3,29788128,,,119.6405,,,
2022-01-06,32619.444666666666,,,,,,119.6405,104.052,104052,
2022-01-05,32619.444666666666,26610.379,CAL3,26610379,,,135.229,135.229,135229,
2022-01-04,36574.078,,,,,,,,,
2022-01-03,36574.078,19862.024,CAL3,19862024,,,,,,
2022-01-02,36516.354,,,,,,,,,
2022-01-01,36516.354,,,,,,,,,
2021-12-31,36516.354,51385.931,CAL3,51385931,,,,,,
2021-12-30,23905.84433333333,,,,,,,,,
2021-12-29,23905.84433333333,38474.279,CAL3,38474279,,,,,,
2021-12-28,14829.275,,,,,,,,,
2021-12-27,14829.275,19688.852,CAL3,19688852,,,,,,
2021-12-26,9977.581,,,,,,,,,
2021-12-25,9977.581,,,,,,,,,
2021-12-24,9977.581,13554.402,CAL3,13554402,,,,,,
2021-12-23,6515.761333333333,,,,,,,,,
2021-12-22,6515.761333333333,11244.571,CAL3,11244571,,,,,,
2021-12-21,3655.268666666667,,,,,,,,,
2021-12-20,3655.268666666667,5133.77,CAL3,5133770,,,,,,
2021-12-19,2962.995666666667,,,,,,,,,
2021-12-18,2962.995666666667,,,,,,,,,
2021-12-17,2962.995666666667,3168.943,CAL3,3168943,,,,,,
2021-12-16,2364.1693333333333,,,,,,,,,
2021-12-15,2364.1693333333333,2663.093,CAL3,2663093,,,,,,
2021-12-14,1630.6486666666667,,,,,,,,,
2021-12-13,1630.6486666666667,3056.951,CAL3,3056951,,,,,,
2021-12-12,786.0616666666666,,,,,,,,,
2021-12-11,786.0616666666666,,,,,,,,,
2021-12-10,786.0616666666666,1372.464,CAL3,1372464,,,,,,
2021-12-09,531.8793333333333,,,,,,,,,
2021-12-08,531.8793333333333,462.531,CAL3,462531,,,,,,
2021-12-07,579.4606666666667,,,,,,,,,
2021-12-06,579.4606666666667,523.19,CAL3,523190,,,,,,
2021-12-05,604.516,,,,,,,,,
2021-12-04,604.516,,,,,,,,,
2021-12-03,604.516,609.917,CAL3,609917,,,,,,
2021-12-02,592.3549999999999,,,,,,,,,
2021-12-01,592.3549999999999,605.275,CAL3,605275,,,,,,
2021-11-30,600.8103333333333,,,,,,,,,
2021-11-29,600.8103333333333,598.356,CAL3,598356,,,,,,
2021-11-28,541.179,,,,,,,,,
2021-11-27,541.179,,,,,,,,,
2021-11-26,541.179,573.434,CAL3,573434,,,,,,
2021-11-25,482.7816666666667,,,,,,,,,
2021-11-24,482.7816666666667,630.641,CAL3,630641,,,,,,
2021-11-23,422.35966666666667,,,,,,,,,
2021-11-22,422.35966666666667,419.462,CAL3,419462,,,,,,
2021-11-21,456.91433333333333,,,,,,,,,
2021-11-20,456.91433333333333,,,,,,,,,
2021-11-19,456.91433333333333,398.242,CAL3,398242,,,,,,
2021-11-18,473.1756666666667,,,,,,,,,
2021-11-17,473.1756666666667,449.375,CAL3,449375,,,,,,
2021-11-16,426.013,,,,,,,,,
2021-11-15,426.013,523.126,CAL3,523126,,,,,,
2021-11-14,354.36966666666666,,,,,,,,,
2021-11-13,354.36966666666666,,,,,,,,,
2021-11-12,354.36966666666666,447.026,CAL3,447026,,,,,,
2021-11-11,333.23733333333337,,,,,,,,,
2021-11-10,333.23733333333337,307.887,CAL3,307887,,,,,,
2021-11-09,297.6586666666667,,,,,,,,,
2021-11-08,297.6586666666667,308.196,CAL3,308196,,,,,,
2021-11-07,670.753,,,,,,,,,
2021-11-06,670.753,,,,,,,,,
2021-11-05,670.753,383.629,CAL3,383629,,,,,,
2021-11-04,632.264,,,,,,,,,
2021-11-03,632.264,201.151,CAL3,201151,,,,,,
2021-11-02,666.5943333333333,,,,,,,,,
2021-11-01,666.5943333333333,1427.479,CAL3,1427479,,,,,,
2021-10-31,226.88699999999997,,,,,,,,,
2021-10-30,226.88699999999997,,,,,,,,,
2021-10-29,226.88699999999997,268.162,CAL3,268162,,,,,,
2021-10-28,295.315,,,,,,,,,
2021-10-27,295.315,304.142,CAL3,304142,,,,,,
2021-10-26,404.8066666666667,,,,,,,,,
2021-10-25,404.8066666666667,108.357,CAL3,108357,,,,,,
2021-10-24,442.27233333333334,,,,,,,,,
2021-10-23,442.27233333333334,,,,,,,,,
2021-10-22,442.27233333333334,473.446,CAL3,473446,,,,,,
2021-10-21,330.9413333333333,,,,,,,,,
2021-10-20,330.9413333333333,632.617,CAL3,632617,,,,,,
2021-10-19,209.59699999999998,,,,,,,,,
2021-10-18,209.59699999999998,220.754,CAL3,220754,,,,,,
2021-10-17,204.01850000000002,,,,,,,,,
2021-10-16,204.01850000000002,,,,,,,,,
2021-10-15,204.01850000000002,139.453,CAL3,139453,,,,,,
2021-10-14,268.584,,,,,,,,,
2021-10-13,268.584,268.584,CAL3,268584,,,,,,
2021-10-12,745.12,,,,,,,,,
2021-10-11,745.12,,,,,,,,,
2021-10-10,510.58799999999997,,,,,,,,,
2021-10-09,510.58799999999997,,,,,,,,,
2021-10-08,510.58799999999997,,,,,,,,,
2021-10-07,481.87166666666667,,,,,,,,,
2021-10-06,481.87166666666667,745.12,CAL3,745120,,,,,,
2021-10-05,311.8486666666667,,,,,,,,,
2021-10-04,311.8486666666667,276.056,CAL3,276056,,,,,,
2021-10-03,488.672,,,,,,,,,
2021-10-02,488.672,,,,,,,,,
2021-10-01,488.672,424.439,CAL3,424439,,,,,,
2021-09-30,386.8706666666667,,,,,,,,,
2021-09-29,386.8706666666667,235.051,CAL3,235051,,,,,,
2021-09-28,374.1186666666667,,,,,,,,,
2021-09-27,374.1186666666667,806.526,CAL3,806526,,,,,,
2021-09-26,207.21400000000003,,,,,,,,,
2021-09-25,207.21400000000003,,,,,,,,,
2021-09-24,207.21400000000003,119.035,CAL3,119035,,,,,,
2021-09-23,400.3616666666667,,,,,,,,,
2021-09-22,550.7909999999999,196.795,CAL3,196795,,,,,,
2021-09-21,668.7896666666667,,,,,,,,,
2021-09-20,668.7896666666667,305.812,CAL3,305812,,,,,,
2021-09-19,630.0213333333332,,,,,,,,,
2021-09-18,630.0213333333332,,,,,,,,,
2021-09-17,630.0213333333332,698.478,CAL3,698478,,,,,,
2021-09-16,514.231,1002.079,CAL3,1002079,,,,,,
2021-09-15,270.307,,,,,,,,,
2021-09-14,554.9476666666667,,,,,,,,,
2021-09-13,554.9476666666667,189.507,CAL3,189507,,,,,,
2021-09-12,727.956,,,,,,,,,
2021-09-11,727.956,,,,,,,,,
2021-09-10,727.956,351.107,CAL3,351107,,,,,,
2021-09-09,788.5143333333334,,,,,,,,,
2021-09-08,788.5143333333334,1124.229,CAL3,1124229,,,,,,
2021-09-07,537.6103333333334,,,,,,,,,
2021-09-06,537.6103333333334,708.532,CAL3,708532,,,,,,
2021-09-05,1025.253,,,,,,,,,
2021-09-04,1025.253,,,,,,,,,
2021-09-03,1025.253,532.782,CAL3,532782,,,,,,
2021-09-02,963.3553333333333,,,,,,,,,
2021-09-01,963.3553333333333,371.517,CAL3,371517,,,,,,
2021-08-31,1127.8726666666666,,,,,,,,,
2021-08-30,1127.8726666666666,2171.46,CAL3,2171460,,,,,,
2021-08-29,573.8776666666666,,,,,,,,,
2021-08-28,573.8776666666666,,,,,,,,,
2021-08-27,573.8776666666666,347.089,CAL3,347089,,,,,,
2021-08-26,1027.7796666666666,,,,,,,,,
2021-08-25,1027.7796666666666,865.069,CAL3,865069,,,,,,
2021-08-24,968.0450000000001,,,,,,,,,
2021-08-23,968.0450000000001,509.475,CAL3,509475,,,,,,
2021-08-22,991.6206666666667,,,,,,,,,
2021-08-21,991.6206666666667,,,,,,,,,
2021-08-20,991.6206666666667,1708.795,CAL3,1708795,,,,,,
2021-08-19,866.4616666666667,,,,,,,,,
2021-08-18,866.4616666666667,685.865,CAL3,685865,,,,,,
2021-08-17,971.8516666666666,,,,,,,,,
2021-08-16,971.8516666666666,580.202,CAL3,580202,,,,,,
2021-08-15,1564.609333333333,,,,,,,,,
2021-08-14,1564.609333333333,,,,,,,,,
2021-08-13,1564.609333333333,1333.318,CAL3,1333318,,,,,,
2021-08-12,1960.7939999999999,,,,,,,,,
2021-08-11,1960.7939999999999,1002.035,CAL3,1002035,,,,,,
2021-08-10,2296.511,,,,,,,,,
2021-08-09,2296.511,2358.475,CAL3,2358475,,,,,,
2021-08-08,2097.019333333333,,,,,,,,,
2021-08-07,2097.019333333333,,,,,,,,,
2021-08-06,2097.019333333333,2521.872,CAL3,2521872,,,,,,
2021-08-05,1577.506333333333,,,,,,,,,
2021-08-04,1577.506333333333,2009.186,CAL3,2009186,,,,,,
2021-08-03,1160.7776666666666,,,,,,,,,
2021-08-02,1160.7776666666666,1760.0,CAL3,1760000,,,,,,
2021-08-01,861.1665,,,,,,,,,
2021-07-31,861.1665,,,,,,,,,
2021-07-30,861.1665,963.333,CAL3,963333,,,,,,
2021-07-29,512.5,,,,,,,,,
2021-07-28,512.5,759.0,CAL3,759000,,,,,,
2021-07-27,279.3,,,,,,,,,
2021-07-26,279.3,,,,,,,,,
2021-07-25,348.64433333333335,,,,,,,,,
2021-07-24,348.64433333333335,,,,,,,,,
2021-07-23,348.64433333333335,266.0,CAL3,266000,,,,,,
2021-07-22,311.64433333333335,,,,,,,,,
2021-07-21,311.64433333333335,292.6,CAL3,292600,,,,,,
2021-07-20,270.3,,,,,,,,,
2021-07-19,270.3,487.333,CAL3,487333,,,,,,
2021-07-18,227.74466666666663,,,,,,,,,
2021-07-17,227.74466666666663,,,,,,,,,
2021-07-16,227.74466666666663,155.0,CAL3,155000,,,,,,
2021-07-15,224.85566666666662,,,,,,,,,
2021-07-14,224.85566666666662,168.567,CAL3,168567,,,,,,
2021-07-13,339.2223333333333,,,,,,,,,
2021-07-12,339.2223333333333,359.667,CAL3,359667,,,,,,
2021-07-11,284.0,,,,,,,,,
2021-07-10,284.0,,,,,,,,,
2021-07-09,284.0,146.333,CAL3,146333,,,,,,
2021-07-08,257.3223333333333,,,,,,,,,
2021-07-07,257.3223333333333,511.667,CAL3,511667,,,,,,
2021-07-06,100.71666666666668,,,,,,,,,
2021-07-05,100.71666666666668,194.0,CAL3,194000,,,,,,
2021-07-04,49.56666666666666,,,,,,,,,
2021-07-03,49.56666666666666,,,,,,,,,
2021-07-02,49.56666666666666,66.3,CAL3,66300,,,,,,
2021-07-01,41.2,,,,,,,,,
2021-06-30,41.2,41.85,CAL3,41850,,,,,,
2021-06-29,40.55,,,,,,,,,
2021-06-28,40.55,40.55,CAL3,40550,,,,,,
